timestamp,x_acc,y_acc,z_acc,x_gyro,y_gyro,z_gyro
0.0,0.739501953125,-0.016845703125,-0.65283203125,-0.24390244483947754,0.6707317233085632,-0.12195122241973877
11.0,0.745361328125,-0.0166015625,-0.65771484375,0.12195122241973877,0.3658536672592163,-0.4268292784690857
21.0,0.74462890625,-0.018798828125,-0.657958984375,-0.18292683362960815,0.3658536672592163,0.12195122241973877
30.0,0.743408203125,-0.0185546875,-0.65625,-0.060975611209869385,0.4268292784690857,0.12195122241973877
40.0,0.744384765625,-0.017333984375,-0.65771484375,-0.060975611209869385,0.5487805008888245,0.060975611209869385
50.0,0.74560546875,-0.017333984375,-0.658203125,-0.18292683362960815,0.4878048896789551,0.060975611209869385
60.0,0.74365234375,-0.0205078125,-0.65673828125,-0.12195122241973877,0.4878048896789551,0.060975611209869385
71.0,0.74462890625,-0.01953125,-0.65673828125,-0.060975611209869385,0.4878048896789551,0.12195122241973877
81.0,0.745849609375,-0.01708984375,-0.659912109375,-0.060975611209869385,0.4268292784690857,0.0
91.0,0.743896484375,-0.0185546875,-0.657958984375,-0.12195122241973877,0.4878048896789551,0.060975611209869385
100.0,0.744140625,-0.02001953125,-0.6591796875,-0.12195122241973877,0.4268292784690857,0.0
110.0,0.74462890625,-0.019775390625,-0.658203125,-0.12195122241973877,0.4878048896789551,0.0
121.0,0.745361328125,-0.017822265625,-0.65576171875,-0.12195122241973877,0.5487805008888245,0.060975611209869385
131.0,0.745361328125,-0.0185546875,-0.655029296875,-0.060975611209869385,0.4878048896789551,0.060975611209869385
141.0,0.74462890625,-0.017578125,-0.656494140625,-0.060975611209869385,0.4268292784690857,0.060975611209869385
151.0,0.743408203125,-0.017333984375,-0.6572265625,-0.12195122241973877,0.4268292784690857,0.060975611209869385
162.0,0.743896484375,-0.01904296875,-0.657470703125,-0.12195122241973877,0.5487805008888245,-0.060975611209869385
172.0,0.743896484375,-0.020751953125,-0.657958984375,-0.12195122241973877,0.5487805008888245,-0.060975611209869385
181.0,0.744384765625,-0.01953125,-0.65771484375,-0.12195122241973877,0.4268292784690857,-0.060975611209869385
191.0,0.74560546875,-0.01806640625,-0.658203125,-0.12195122241973877,0.3658536672592163,0.060975611209869385
201.0,0.745361328125,-0.020751953125,-0.658203125,-0.12195122241973877,0.4268292784690857,0.12195122241973877
211.0,0.74365234375,-0.0185546875,-0.65869140625,-0.18292683362960815,0.4878048896789551,0.0
222.0,0.742919921875,-0.01806640625,-0.657470703125,-0.18292683362960815,0.4268292784690857,-0.060975611209869385
232.0,0.742919921875,-0.019287109375,-0.65966796875,-0.18292683362960815,0.4878048896789551,0.060975611209869385
242.0,0.7431640625,-0.017333984375,-0.656494140625,0.0,0.5487805008888245,0.060975611209869385
251.0,0.744140625,-0.016357421875,-0.65869140625,-0.12195122241973877,0.5487805008888245,0.060975611209869385
261.0,0.744140625,-0.017333984375,-0.657470703125,-0.18292683362960815,0.4878048896789551,0.0
271.0,0.744384765625,-0.032958984375,-0.657958984375,-0.24390244483947754,0.4878048896789551,0.0
282.0,0.854736328125,-0.5517578125,-0.523193359375,-22.68292808532715,0.5487805008888245,18.35365867614746
292.0,0.927490234375,-0.66162109375,-0.43994140625,-106.89024353027344,1.6463414430618286,89.0243911743164
302.0,0.68017578125,-0.13818359375,-0.734375,-155.91464233398438,2.195122003555298,125.91463470458984
312.0,0.4921875,0.377197265625,-1.010009765625,-165.1829376220703,-0.5487805008888245,129.6341552734375
323.0,0.766845703125,0.43896484375,-0.73828125,-130.6707305908203,1.2804877758026123,83.59756469726562
331.0,0.961181640625,0.24267578125,-0.578125,-95.91463470458984,2.4390244483947754,-0.4268292784690857
342.0,0.77001953125,0.03857421875,-0.72216796875,-104.57317352294922,0.18292683362960815,-66.46341705322266
352.0,0.705810546875,0.001708984375,-0.751220703125,-120.9756088256836,-2.987804889678955,-87.92683410644531
362.0,0.818603515625,0.086669921875,-0.75634765625,-117.92683410644531,11.341464042663574,-104.93902587890625
372.0,1.007080078125,0.173095703125,-0.809326171875,-132.98780822753906,40.914634704589844,-164.0853729248047
383.0,1.1875,0.468994140625,-0.80224609375,-216.64634704589844,113.3536605834961,-257.80487060546875
393.0,1.001953125,0.6455078125,-0.859130859375,-331.0975646972656,237.256103515625,-371.1585388183594
402.0,1.148681640625,0.822998046875,-0.90478515625,-355.7926940917969,242.86585998535156,-478.5365905761719
412.0,1.18212890625,1.077392578125,-0.722412109375,-331.95123291015625,158.0487823486328,-511.95123291015625
422.0,1.033935546875,1.228759765625,-0.66943359375,-357.9878234863281,123.41463470458984,-558.2317504882812
433.0,1.009521484375,1.5224609375,-0.66162109375,-420.7317199707031,128.47561645507812,-649.4512329101562
443.0,1.00830078125,1.784912109375,-0.69921875,-486.5244140625,135.6707305908203,-775.0609741210938
453.0,0.803466796875,1.774169921875,-0.661376953125,-541.3414916992188,127.74390411376953,-878.53662109375
463.0,0.502685546875,1.497314453125,-0.5693359375,-571.9512329101562,105.67073059082031,-915.6098022460938
472.0,0.2724609375,1.109130859375,-0.37548828125,,,
474.0,,,,-576.3414916992188,94.39024353027344,-887.1951293945312
482.0,0.02197265625,0.77294921875,-0.113037109375,-563.6585693359375,108.29268646240234,-798.1707763671875
493.0,-0.3876953125,0.49609375,0.10595703125,-514.756103515625,121.64634704589844,-606.9512329101562
503.0,-0.860595703125,0.360595703125,0.337158203125,-406.2195129394531,65.30487823486328,-309.6341552734375
513.0,-1.1650390625,0.55322265625,0.53466796875,-286.6463623046875,-54.085365295410156,6.829268455505371
523.0,-1.173095703125,0.822265625,0.65673828125,-248.35366821289062,-151.03659057617188,193.23170471191406
534.0,-1.038818359375,0.675048828125,0.5322265625,-279.0243835449219,-149.69512939453125,248.23171997070312
544.0,-0.82763671875,0.149658203125,0.30615234375,-265.0,-109.69512176513672,248.35366821289062
553.0,-0.4384765625,-0.162841796875,0.21337890625,-195.06097412109375,-147.9268341064453,271.2195129394531
563.0,-0.062744140625,-0.02490234375,-0.034423828125,-140.24391174316406,-197.19512939453125,271.1585388183594
573.0,-0.009765625,-0.0107421875,-0.03271484375,-134.0853729248047,-196.03659057617188,206.76829528808594
583.0,1.753662109375,0.7294921875,-1.468017578125,-120.7317123413086,-187.6829376220703,220.48780822753906
594.0,4.638671875,4.560791015625,-3.957763671875,504.20733642578125,85.12195587158203,985.0609741210938
604.0,-1.047119140625,0.515869140625,1.1787109375,855.6707763671875,258.6585388183594,1175.6097412109375
614.0,-1.524658203125,-0.50634765625,1.942138671875,277.43902587890625,253.47561645507812,527.1341552734375
623.0,0.609130859375,-0.294677734375,0.3642578125,-155.06097412109375,189.3292694091797,165.06097412109375
633.0,1.244873046875,-2.31298828125,2.109619140625,-345.0,-556.03662109375,-334.51220703125
643.0,0.9423828125,-2.561767578125,2.52490234375,-587.6219482421875,-1143.9635009765625,-585.243896484375
654.0,1.647216796875,-1.193115234375,0.37548828125,-472.3780517578125,-793.9024658203125,-308.1097717285156
664.0,1.763916015625,-0.89453125,-1.951171875,-227.98780822753906,-167.56097412109375,-307.68292236328125
674.0,0.3701171875,0.0703125,-0.833251953125,-22.560976028442383,146.89024353027344,-293.5975646972656
685.0,-0.00341796875,0.255859375,-0.013427734375,82.25609588623047,144.93902587890625,-239.8780517578125
693.0,-0.01611328125,0.027587890625,0.003662109375,,,
695.0,,,,44.085365295410156,144.6341552734375,-246.8292694091797
704.0,-0.03564453125,1.5029296875,-0.245849609375,-68.84146881103516,147.6829376220703,-277.3780517578125
714.0,-0.31591796875,4.314697265625,-0.886962890625,-917.1951293945312,64.81707763671875,-607.743896484375
724.0,-3.892822265625,4.50830078125,4.220458984375,-1888.4146728515625,-40.182926177978516,-1169.8780517578125
734.0,-4.735595703125,1.2763671875,5.849609375,-417.7439270019531,325.06097412109375,-104.39024353027344
745.0,-0.504638671875,1.8173828125,0.308837890625,573.7195434570312,-82.5,544.5731811523438
755.0,0.10546875,2.123046875,0.175048828125,315.9756164550781,-289.57318115234375,443.7804870605469
765.0,0.207275390625,0.09814453125,0.700439453125,-25.54878044128418,-97.19512176513672,355.243896484375
774.0,0.136474609375,-0.42578125,0.39111328125,-182.19512939453125,-42.92683029174805,230.48780822753906
784.0,0.364501953125,-0.54345703125,-0.38330078125,-302.256103515625,-22.13414764404297,32.560977935791016
794.0,0.732421875,-0.649658203125,-0.68212890625,-521.5244140625,54.45122146606445,-361.0975646972656
805.0,0.675048828125,-0.294921875,-0.510009765625,-675.48779296875,126.03659057617188,-872.8048706054688
815.0,0.2783203125,-0.0537109375,-0.23828125,-785.792724609375,184.6341552734375,-1182.9268798828125
825.0,3.59326171875,-0.809814453125,-2.0712890625,-850.9146728515625,138.53659057617188,-1247.0732421875
835.0,7.462158203125,2.227783203125,-2.767822265625,-752.98779296875,-742.01220703125,-1122.256103515625
844.0,-0.17724609375,2.087890625,-0.899169921875,,,
846.0,,,,390.9146423339844,-783.9634399414062,-281.4024353027344
854.0,-3.0576171875,-1.59912109375,-0.269775390625,878.5975952148438,445.9146423339844,-92.07317352294922
865.0,-4.468505859375,-1.768798828125,0.2958984375,513.1707153320312,-126.09756469726562,-189.4512176513672
875.0,-0.566650390625,-0.178466796875,0.046630859375,68.04878234863281,-1619.6341552734375,-284.3902587890625
885.0,1.65625,1.410888671875,1.53466796875,36.64634323120117,-1997.98779296875,-246.4634246826172
895.0,7.610107421875,4.0615234375,7.999755859375,-993.53662109375,-1700.8536376953125,420.6707458496094
906.0,5.81640625,-5.48828125,3.054443359375,-1357.804931640625,-440.9146423339844,1370.48779296875
916.0,-1.0869140625,-2.345947265625,-1.019287109375,416.1585388183594,128.71951293945312,239.93902587890625
925.0,-0.296142578125,1.303955078125,0.931884765625,691.5853881835938,-197.74391174316406,-191.89024353027344
935.0,0.145263671875,0.41455078125,-0.00537109375,449.1463623046875,-244.756103515625,-201.15853881835938
945.0,-0.21240234375,-0.17138671875,-0.59033203125,453.1707458496094,-261.82928466796875,-138.65853881835938
956.0,-0.17822265625,0.203369140625,-0.5537109375,432.9268493652344,-311.58538818359375,-77.98780822753906
966.0,-0.783447265625,3.472412109375,-6.67626953125,237.01220703125,-642.01220703125,-165.06097412109375
976.0,-0.03955078125,0.64453125,-4.5341796875,-294.51220703125,-1639.756103515625,-145.1219482421875
986.0,-2.806884765625,-1.042236328125,4.150634765625,-184.57318115234375,-1395.304931640625,152.3780517578125
995.0,-1.171875,-0.53955078125,2.727783203125,,,
997.0,,,,3.9024391174316406,676.03662109375,20.060976028442383
1005.0,0.897216796875,-0.24462890625,-0.244140625,75.9756088256836,949.6951293945312,-176.21951293945312
1016.0,1.0947265625,-0.31689453125,0.313720703125,-86.09756469726562,170.3048858642578,-1.097561001777649
1026.0,3.4248046875,-0.260009765625,1.593017578125,-614.0853881835938,-1352.1951904296875,712.3780517578125
1036.0,7.74755859375,-2.029296875,0.77734375,-847.01220703125,-1997.98779296875,923.1707763671875
1046.0,1.125,-3.267578125,-4.932861328125,-324.69512939453125,-1393.5975341796875,716.0975952148438
1057.0,-1.707763671875,-0.899169921875,-1.347412109375,-647.8048706054688,-138.10975646972656,210.5487823486328
1067.0,0.05419921875,0.356689453125,0.404296875,-765.9146728515625,-43.59756088256836,360.3049011230469
1076.0,-0.191162109375,1.1318359375,0.26953125,-632.01220703125,-277.9878234863281,373.1707458496094
1086.0,-4.270263671875,6.641845703125,1.732666015625,-810.8536987304688,-485.06097412109375,172.01219177246094
1096.0,-1.98095703125,4.67919921875,3.735595703125,-1361.341552734375,-631.280517578125,163.29269409179688
1106.0,0.9716796875,-0.545166015625,2.12744140625,-1349.08544921875,231.40245056152344,203.84146118164062
1117.0,-0.15185546875,-1.562255859375,0.63818359375,-886.4024658203125,980.243896484375,455.6097717285156
1127.0,0.24462890625,-1.1083984375,-0.9775390625,-741.4634399414062,966.9512329101562,1067.56103515625
1137.0,1.3330078125,-1.959716796875,-2.28271484375,-467.9268493652344,350.7317199707031,841.8292846679688
1146.0,4.379638671875,0.609619140625,-4.54150390625,-391.6463623046875,527.6829223632812,-291.0975646972656
1156.0,4.590576171875,1.814453125,-1.647705078125,-1324.3902587890625,1499.6951904296875,-1882.743896484375
1166.0,6.436767578125,6.686279296875,4.095947265625,-655.1829223632812,752.3780517578125,-1874.6341552734375
1177.0,0.5390625,1.689208984375,2.301513671875,583.3536987304688,187.74391174316406,-1344.6341552734375
1187.0,-2.06591796875,-0.867431640625,-2.247802734375,440.2439270019531,249.8780517578125,-1263.3536376953125
1197.0,-3.013427734375,-2.483154296875,-2.07373046875,447.56097412109375,-211.7073211669922,-1152.1951904296875
1207.0,-2.42138671875,-3.433349609375,0.38623046875,826.8902587890625,-624.0244140625,-1010.6098022460938
1216.0,1.071044921875,-4.552001953125,6.755615234375,722.1951293945312,-806.7073364257812,-1238.1707763671875
1226.0,4.686279296875,-2.12646484375,5.002197265625,-405.6707458496094,-884.756103515625,-258.1097717285156
1237.0,1.014892578125,-1.660400390625,-0.544677734375,-815.6707763671875,-713.4146728515625,718.9024658203125
1247.0,0.36328125,-2.355712890625,-1.579345703125,-400.3049011230469,-160.6707305908203,68.04878234863281
1257.0,0.463623046875,2.103515625,-1.4169921875,224.2073211669922,196.03659057617188,35.60975646972656
1268.0,-0.41943359375,5.197265625,-1.81982421875,8.109756469726562,-4.146341323852539,-519.6951293945312
1278.0,-1.1904296875,1.798583984375,-1.715087890625,-595.9146728515625,-418.4146423339844,-1926.9512939453125
1288.0,-6.013427734375,3.83154296875,3.36328125,-1163.1097412109375,-716.5853881835938,-1972.56103515625
1297.0,-7.248291015625,-3.39794921875,4.3505859375,-752.3170776367188,289.57318115234375,-1357.743896484375
1307.0,-0.503662109375,-2.850341796875,-0.50927734375,-64.39024353027344,60.853660583496094,-30.30487823486328
1317.0,0.4697265625,1.372314453125,0.678466796875,213.47561645507812,-372.6219482421875,163.23170471191406
1328.0,0.926025390625,0.46875,-0.55224609375,-61.463417053222656,-279.81707763671875,-55.4878044128418
1338.0,1.90380859375,-0.078125,-0.8369140625,-257.3780517578125,-215.24391174316406,-123.2317123413086
1348.0,2.4873046875,-0.113037109375,0.037841796875,-280.30487060546875,-74.51219940185547,-185.6707305908203
1358.0,7.4072265625,-0.52880859375,0.49609375,-295.4878234863281,-45.60975646972656,89.63414764404297
1367.0,4.2216796875,-1.9326171875,-1.695068359375,-253.53659057617188,-430.18292236328125,222.9268341064453
1377.0,-1.138671875,-0.838623046875,-1.638427734375,-240.73171997070312,-375.3049011230469,232.31707763671875
1388.0,-2.096923828125,0.278564453125,-0.828369140625,-321.768310546875,-310.6097717285156,585.1219482421875
1398.0,-6.94921875,5.174560546875,0.515380859375,-343.5365905761719,-618.9024658203125,707.8658447265625
1408.0,-4.931396484375,0.379638671875,7.294921875,-933.9634399414062,-1072.743896484375,-423.4756164550781
1418.0,-0.875732421875,-5.8212890625,7.040771484375,-850.9756469726562,65.67073059082031,-190.48780822753906
1429.0,-2.287109375,-0.560546875,1.737060546875,-398.8414611816406,523.292724609375,149.8780517578125
1439.0,-1.965087890625,-0.3134765625,1.398681640625,-253.65853881835938,90.67073059082031,-434.756103515625
1448.0,0.092041015625,-0.4912109375,0.26171875,-374.6341552734375,-54.024391174316406,-329.32928466796875
1458.0,0.1318359375,0.1162109375,-0.328369140625,-466.2804870605469,67.80487823486328,-207.1341552734375
1468.0,2.02734375,1.4755859375,-2.01904296875,-393.2926940917969,252.19512939453125,-128.35366821289062
1478.0,7.984130859375,2.58203125,-7.083740234375,-1097.0732421875,652.9268188476562,-1156.4635009765625
1489.0,2.78759765625,5.904052734375,0.839599609375,-80.91463470458984,129.81707763671875,-1368.6585693359375
1499.0,0.6455078125,2.052734375,-2.123779296875,1103.231689453125,-297.743896484375,-99.20732116699219
1509.0,-0.353271484375,0.14111328125,-0.63330078125,258.9024353027344,94.45122528076172,194.81707763671875
1518.0,-1.408447265625,0.514404296875,1.33349609375,-38.658538818359375,37.0121955871582,-40.975608825683594
1528.0,-2.726806640625,-0.47998046875,2.58251953125,-611.6463623046875,-121.70732116699219,-789.51220703125
1539.0,-0.62451171875,-6.987060546875,3.348388671875,-1873.9635009765625,-504.0244140625,-1770.548828125
1549.0,6.9541015625,-6.349365234375,-0.123046875,-1564.3902587890625,-853.6585693359375,-1043.96337890625
1559.0,1.2021484375,-0.19921875,-0.944091796875,-1155.48779296875,-629.5731811523438,-144.2073211669922
1569.0,-0.4228515625,0.096435546875,-2.261474609375,-957.256103515625,-324.0243835449219,-514.5731811523438
1580.0,-1.162841796875,2.2421875,-2.555419921875,-777.1951293945312,-177.07318115234375,-505.6097717285156
1588.0,-1.81640625,1.92041015625,0.2294921875,,,
1590.0,,,,-1224.9390869140625,-410.1219482421875,-275.6707458496094
1599.0,0.29833984375,6.46533203125,6.91748046875,-1436.8902587890625,-641.1585693359375,137.31707763671875
1609.0,2.067626953125,0.296630859375,6.606201171875,-1406.7073974609375,507.9878234863281,389.6341552734375
1619.0,-0.7333984375,-2.773681640625,2.803955078125,-837.6829223632812,1553.1097412109375,922.9268798828125
1629.0,-4.84033203125,-0.19873046875,-0.471435546875,-69.20732116699219,906.4634399414062,143.0487823486328
1640.0,-0.825439453125,-0.6787109375,-1.50439453125,140.06097412109375,-282.9878234863281,-181.21951293945312
1650.0,2.5537109375,-0.86181640625,-3.695068359375,44.024391174316406,-131.21951293945312,40.79268264770508
1660.0,5.8447265625,-0.276123046875,-6.537109375,-1078.5975341796875,1017.9268798828125,-1010.0609741210938
1669.0,7.70458984375,6.179443359375,-2.941650390625,-1457.8658447265625,880.4268798828125,-1997.98779296875
1679.0,-0.03076171875,5.218017578125,0.77685546875,61.158538818359375,-470.4268493652344,-1773.4757080078125
1689.0,-2.531982421875,0.986572265625,-0.45654296875,31.219512939453125,151.28048706054688,-275.7926940917969
1700.0,0.837158203125,0.053955078125,-0.05517578125,-354.32928466796875,296.95123291015625,267.256103515625
1710.0,0.11181640625,0.014404296875,0.17626953125,-319.81707763671875,201.4634246826172,139.756103515625
1720.0,-1.327880859375,-2.3134765625,2.459716796875,-296.8902587890625,327.6219482421875,109.81707763671875
1730.0,-6.94189453125,-7.388916015625,6.490478515625,-635.7317504882812,765.243896484375,59.93902587890625
1741.0,-3.398681640625,-3.196533203125,-1.840087890625,-685.0609741210938,935.4268798828125,-713.1098022460938
1749.0,1.28271484375,-2.38818359375,-2.676513671875,176.89024353027344,664.51220703125,-675.792724609375
1760.0,2.709228515625,-2.706298828125,-0.02197265625,469.51220703125,-43.53658676147461,-94.0243911743164
1770.0,2.292724609375,2.424072265625,-0.398681640625,240.3048858642578,-271.4634094238281,348.3536682128906
1780.0,3.611328125,6.0380859375,-2.330078125,-225.0,-127.68292999267578,-399.1463623046875
1790.0,1.49462890625,6.411376953125,-2.93603515625,-1640.1829833984375,77.80487823486328,-1022.1341552734375
1801.0,-2.249755859375,3.78173828125,5.94482421875,-1937.01220703125,370.0,-1587.804931640625
1811.0,-2.427001953125,-1.07666015625,4.1474609375,-377.5,1543.6585693359375,-870.3048706054688
1820.0,-2.796630859375,-0.484130859375,-3.13916015625,-99.81707763671875,1335.06103515625,-417.8658752441406
1830.0,-0.591796875,-0.68896484375,-1.541015625,82.74390411376953,560.9146728515625,-653.4146728515625
1840.0,1.916015625,-2.180908203125,-1.148681640625,445.8536682128906,687.5609741210938,-719.2073364257812
1851.0,7.33203125,-6.354736328125,-1.237548828125,441.0365905761719,805.4878540039062,-616.9512329101562
1861.0,4.21728515625,-1.701904296875,1.530517578125,376.0975646972656,110.79268646240234,-721.7073364257812
1871.0,1.552490234375,0.802001953125,0.906494140625,858.9634399414062,-805.9146728515625,-326.0365905761719
1881.0,2.1689453125,-0.256103515625,0.10205078125,759.0244140625,-1250.243896484375,-137.01219177246094
1890.0,0.61962890625,0.376708984375,-0.231201171875,357.68292236328125,-1152.9268798828125,-162.98780822753906
1900.0,-4.9501953125,3.345458984375,-1.580322265625,-45.67073440551758,-605.9756469726562,29.63414764404297
1911.0,-6.284423828125,4.51025390625,1.13427734375,-454.20733642578125,-517.743896484375,82.07317352294922
1921.0,-0.878662109375,-3.239013671875,7.246826171875,-1399.1463623046875,-1091.6463623046875,-478.0487976074219
1931.0,-0.8564453125,-5.677734375,6.209228515625,-1121.768310546875,118.65853881835938,211.21951293945312
1941.0,-1.39111328125,-0.8310546875,0.190185546875,-453.9024353027344,441.768310546875,227.31707763671875
1952.0,-0.957275390625,-0.3525390625,-0.1669921875,-258.3536682128906,52.19512176513672,-220.4268341064453
1962.0,0.185791015625,-0.025634765625,-0.109619140625,-330.4878234863281,-4.2682929039001465,-208.9634246826172
1971.0,0.15283203125,0.171630859375,-0.27490234375,-356.95123291015625,171.03659057617188,-108.53659057617188
1981.0,4.64892578125,2.3056640625,-4.443115234375,-686.8292846679688,530.0609741210938,-332.68292236328125
1991.0,7.999755859375,2.12353515625,-5.7705078125,-1837.5,722.0731811523438,-1734.329345703125
2001.0,1.4052734375,2.534423828125,2.169189453125,-1484.5732421875,186.8292694091797,-1798.780517578125
2012.0,-3.30224609375,2.2333984375,4.6171875,417.56097412109375,589.6951293945312,-425.3049011230469
2022.0,-1.79150390625,0.667724609375,-2.68017578125,580.48779296875,381.2195129394531,541.5244140625
2032.0,-0.397216796875,-0.89990234375,-0.276611328125,182.8048858642578,-63.23170852661133,112.19512176513672
2041.0,-4.0263671875,-3.44140625,2.16064453125,14.085366249084473,-375.5487976074219,-34.39024353027344
2051.0,-0.92919921875,-7.999755859375,2.572021484375,-835.792724609375,-673.1707763671875,-1419.5732421875
2061.0,7.586669921875,-6.416748046875,-2.345947265625,-1997.98779296875,-844.8780517578125,-1406.4635009765625
2072.0,1.390380859375,0.033203125,-7.60107421875,-1701.829345703125,-598.1707153320312,-767.3170776367188
2082.0,1.353271484375,0.71826171875,-1.32861328125,-319.756103515625,646.9512329101562,-811.4634399414062
2092.0,0.535400390625,-0.131103515625,0.263427734375,-246.40245056152344,669.8170776367188,-678.2317504882812
2102.0,-0.690673828125,0.93701171875,0.0849609375,-512.01220703125,380.6097717285156,-671.4024658203125
2111.0,-4.384765625,6.7734375,6.08349609375,-621.8292846679688,424.69512939453125,-963.7195434570312
2122.0,-3.544189453125,3.073974609375,2.61767578125,-793.1707763671875,517.743896484375,-1613.9635009765625
2132.0,-3.37060546875,-6.13427734375,-0.418212890625,-491.3414611816406,-30.54878044128418,-1723.9024658203125
2142.0,-5.087890625,-2.84130859375,6.60498046875,387.68292236328125,-563.53662109375,-274.0853576660156
2152.0,-0.880859375,-0.46044921875,1.68798828125,-73.78048706054688,-17.439023971557617,372.743896484375
2163.0,1.89013671875,-0.83447265625,-2.615478515625,212.07318115234375,88.17073059082031,357.1341552734375
2173.0,3.435302734375,0.744140625,-3.887939453125,9.390244483947754,-254.02439880371094,-506.768310546875
2183.0,2.654296875,1.90087890625,-2.98779296875,-1204.0244140625,-711.8292846679688,-1873.780517578125
2192.0,2.294677734375,7.070068359375,-4.419189453125,-1378.3536376953125,-1364.1463623046875,-1997.98779296875
2202.0,-5.966552734375,5.011474609375,0.978759765625,-152.1341552734375,-696.3414916992188,-997.743896484375
2212.0,0.524169921875,1.829345703125,0.2998046875,-181.09756469726562,304.69512939453125,381.3414611816406
2223.0,0.25,0.867431640625,-0.505126953125,-309.8780517578125,-77.5,-43.17073440551758
2233.0,-0.565673828125,-1.339599609375,0.391845703125,-377.07318115234375,-115.42683410644531,-356.95123291015625
2243.0,-0.072021484375,-1.22265625,0.13720703125,-435.1219482421875,26.58536720275879,-381.8902587890625
2253.0,1.223876953125,-1.30224609375,0.6376953125,-339.08538818359375,30.365854263305664,-667.256103515625
2262.0,6.00048828125,-6.5625,4.481201171875,,,
2264.0,,,,-1048.048828125,-477.6219482421875,-720.7317504882812
2272.0,4.688720703125,-5.38671875,-2.037353515625,-1636.280517578125,-779.2073364257812,-194.3292694091797
2283.0,-0.087646484375,-1.7333984375,-3.79345703125,-716.3414916992188,-15.060976028442383,122.19512176513672
2293.0,0.470458984375,0.78125,-0.6728515625,-34.69512176513672,55.30487823486328,6.036585330963135
2303.0,-0.609130859375,3.111083984375,0.315673828125,-37.9878044128418,40.3658561706543,-218.1707305908203
2313.0,-4.260009765625,5.36328125,-0.08837890625,-715.9146728515625,66.15853881835938,-699.0853881835938
2324.0,-4.196044921875,4.159423828125,3.739501953125,-1496.768310546875,411.768310546875,-808.5975952148438
2334.0,-7.56494140625,-6.09130859375,4.7021484375,-1373.292724609375,1571.280517578125,-1597.743896484375
2343.0,-2.896484375,-6.087890625,-2.703369140625,-503.9024658203125,874.756103515625,-1035.4268798828125
2353.0,0.37060546875,-0.429931640625,1.309814453125,144.2073211669922,-416.0365905761719,-246.4634246826172
2363.0,-0.320068359375,-0.001708984375,1.1396484375,194.3292694091797,-362.3780517578125,-142.9268341064453
2373.0,0.04833984375,0.06591796875,-0.070556640625,-1.585365891456604,-271.0975646972656,-74.8780517578125
2384.0,2.1513671875,1.28466796875,0.749755859375,-86.89024353027344,-345.4268493652344,124.0243911743164
2394.0,7.999755859375,4.32421875,-1.142333984375,-22.5,-627.1341552734375,497.8658752441406
2404.0,4.31298828125,-0.10888671875,-5.4365234375,-599.51220703125,-1038.4755859375,-187.9268341064453
2413.0,-0.9248046875,1.1220703125,-3.86083984375,-609.2073364257812,-282.68292236328125,29.08536720275879
2423.0,0.43603515625,1.074951171875,-0.707275390625,269.93902587890625,217.3780517578125,619.0853881835938
2434.0,-2.262939453125,-0.293212890625,0.9853515625,231.21951293945312,18.536584854125977,333.7195129394531
2444.0,-5.535888671875,0.2529296875,2.144775390625,-143.59756469726562,-41.09756088256836,166.34146118164062
2454.0,-6.53662109375,-0.40576171875,2.4267578125,-837.1951293945312,-262.6219482421875,-488.1097717285156
2464.0,-3.582763671875,-6.907958984375,3.998046875,-1284.6341552734375,-842.5,-1510.1219482421875
2475.0,2.49169921875,-7.2177734375,1.94091796875,-761.8902587890625,-407.31707763671875,-778.5975952148438
2485.0,-0.1396484375,-2.36376953125,-1.001220703125,-271.3414611816406,161.76829528808594,-35.3658561706543
2494.0,-0.896240234375,-0.654296875,-0.08984375,-11.40243911743164,47.560977935791016,-83.3536605834961
2504.0,0.442138671875,0.472412109375,-0.28271484375,-65.91463470458984,-32.74390411376953,-139.02439880371094
2514.0,0.556640625,1.40771484375,-1.157958984375,-64.81707763671875,-95.7317123413086,-140.7926788330078
2524.0,1.87646484375,3.98388671875,-3.123291015625,122.07317352294922,-148.71951293945312,-218.23171997070312
2535.0,2.8408203125,5.849365234375,-5.634765625,161.40243530273438,-123.4756088256836,-301.0975646972656
2545.0,0.525146484375,2.9755859375,-2.671875,68.59756469726562,45.97561264038086,-78.59756469726562
2555.0,0.904296875,1.975341796875,-0.62451171875,238.29269409179688,219.93902587890625,15.97560977935791
2564.0,0.080810546875,0.499755859375,-0.3291015625,453.7195129394531,314.08538818359375,80.54878234863281
2574.0,-1.5009765625,-2.43310546875,1.6376953125,446.3414611816406,355.7317199707031,103.78048706054688
2584.0,-2.752197265625,-4.536865234375,3.44921875,273.8414611816406,443.0487976074219,232.43902587890625
2595.0,-2.574951171875,-4.497802734375,2.761962890625,131.9512176513672,472.6219482421875,356.2195129394531
2605.0,-3.932861328125,-6.625732421875,4.654541015625,-15.243903160095215,459.57318115234375,173.59756469726562
2615.0,-0.783447265625,-4.301025390625,3.255859375,-171.7073211669922,-111.58536529541016,-155.3048858642578
2625.0,0.134765625,-2.8173828125,1.354736328125,-279.81707763671875,-222.5,-100.8536605834961
2634.0,-0.461181640625,-2.150390625,0.67431640625,,,
2636.0,,,,-179.0853729248047,-97.3780517578125,-226.64634704589844
2644.0,-0.26123046875,-0.84228515625,0.05322265625,-141.09756469726562,-108.59756469726562,-243.90245056152344
2655.0,0.010009765625,0.013671875,-0.184326171875,-223.23171997070312,-147.01219177246094,-206.64634704589844
2665.0,0.283203125,0.380615234375,-0.18408203125,-263.6585388183594,-150.5487823486328,-174.02439880371094
2675.0,2.6875,4.36669921875,-2.90087890625,-408.8414611816406,18.292682647705078,-129.02439880371094
2685.0,3.252685546875,6.68212890625,-5.9365234375,-874.8780517578125,647.8048706054688,-44.45122146606445
2696.0,1.135498046875,3.110595703125,-0.866455078125,-807.0731811523438,665.243896484375,-225.4268341064453
2706.0,0.77587890625,2.013916015625,2.474853515625,-407.19512939453125,193.59756469726562,-314.45123291015625
2715.0,0.233642578125,1.1474609375,0.972412109375,-96.58536529541016,70.9756088256836,-252.98780822753906
2725.0,-0.077880859375,0.0322265625,-0.155517578125,96.21951293945312,82.56097412109375,-308.8414611816406
2735.0,-0.26025390625,-0.513916015625,-0.328857421875,119.8780517578125,53.47561264038086,-328.6585388183594
2746.0,-1.125,-5.0185546875,-2.951171875,425.3049011230469,-209.8780517578125,-105.36585235595703
2756.0,-1.2197265625,-7.890380859375,0.73291015625,1611.5244140625,-635.7317504882812,147.6829376220703
2766.0,1.707275390625,-5.622802734375,4.943603515625,599.1463623046875,24.7560977935791,-197.86585998535156
2776.0,1.861328125,-3.0498046875,1.483154296875,-234.02439880371094,110.36585998535156,2.195122003555298
2785.0,1.447509765625,-1.397705078125,0.458984375,-241.5853729248047,-210.85366821289062,28.53658676147461
2795.0,1.673828125,-1.546142578125,0.512451171875,-253.8414764404297,-330.9146423339844,-135.24391174316406
2806.0,0.802734375,-0.763427734375,0.153564453125,-280.4268493652344,-377.8658752441406,-171.03659057617188
2816.0,0.555908203125,-0.567138671875,-0.06201171875,-278.4146423339844,-381.0975646972656,-141.40243530273438
2826.0,0.581787109375,-0.497314453125,-0.148193359375,-312.07318115234375,-418.7195129394531,-113.96341705322266
2836.0,0.4169921875,-0.242431640625,-0.276123046875,-366.768310546875,-481.46343994140625,-128.78048706054688
2847.0,0.27734375,-0.023193359375,-0.244873046875,-424.1463623046875,-567.1951293945312,-181.9512176513672
2855.0,0.239990234375,0.087158203125,-0.2216796875,,,
2857.0,,,,-449.57318115234375,-641.4634399414062,-263.1097717285156
2866.0,0.088623046875,0.33935546875,-0.537109375,-412.256103515625,-659.268310546875,-309.6341552734375
2876.0,-0.121826171875,0.9130859375,-1.154052734375,-111.21951293945312,-226.28048706054688,9.207317352294922
2886.0,0.525146484375,1.05810546875,-2.11962890625,315.3658752441406,399.268310546875,446.58538818359375
2896.0,0.787353515625,-0.023193359375,-1.20654296875,267.68292236328125,83.04878234863281,263.7804870605469
2907.0,0.42529296875,-0.3017578125,0.02490234375,74.20732116699219,-182.5,130.85366821289062
2917.0,0.4619140625,-0.611572265625,-0.498046875,94.39024353027344,-44.69512176513672,148.90243530273438
2927.0,0.94580078125,-1.700439453125,-0.9208984375,165.91464233398438,52.560977935791016,110.30487823486328
2936.0,1.081787109375,-1.626220703125,-0.41845703125,147.56097412109375,107.3780517578125,240.97561645507812
2946.0,0.515380859375,-0.59033203125,0.103515625,3.47560977935791,207.9268341064453,407.1341552734375
2956.0,0.350830078125,-0.326416015625,-0.105224609375,-87.68292999267578,205.60975646972656,415.9146423339844
2967.0,0.505859375,-0.718505859375,-0.674560546875,-223.9634246826172,61.28049087524414,322.9878234863281
2977.0,0.541015625,-1.329833984375,-1.405029296875,-385.7317199707031,-95.8536605834961,246.28048706054688
2987.0,0.361328125,-1.46826171875,-1.954833984375,-431.4634094238281,-202.07318115234375,298.7195129394531
2997.0,-0.177734375,-0.725830078125,-1.9453125,-319.81707763671875,-321.70733642578125,312.9878234863281
3006.0,-0.291015625,-0.334716796875,-1.53662109375,-27.073171615600586,-459.81707763671875,85.24390411376953
3017.0,-0.162109375,-1.0380859375,-1.288818359375,205.24391174316406,-482.8049011230469,-73.41463470458984
3027.0,-0.044189453125,-1.515869140625,-1.304443359375,291.3414611816406,-442.6219482421875,124.8780517578125
3037.0,-0.15478515625,-1.0703125,-1.202880859375,197.19512939453125,-351.8902587890625,469.45123291015625
3047.0,-0.3251953125,-0.9912109375,-1.27099609375,193.59756469726562,-380.8536682128906,599.51220703125
3058.0,-0.61474609375,-1.30859375,-1.446533203125,281.6463623046875,-509.93902587890625,594.51220703125
3068.0,-1.599853515625,-1.828369140625,-1.11474609375,229.6341552734375,-475.3049011230469,410.9756164550781
3078.0,-1.7333984375,-1.449951171875,-0.31494140625,150.4268341064453,-354.8780517578125,207.56097412109375
3087.0,-1.03662109375,-0.780029296875,-0.1865234375,160.48780822753906,-345.9756164550781,190.6707305908203
3097.0,-0.886474609375,-0.63232421875,-0.19873046875,92.68292999267578,-257.07318115234375,153.84146118164062
3107.0,-1.10986328125,-0.724609375,-0.18701171875,-0.8536585569381714,-135.5487823486328,130.91464233398438
3118.0,-1.268798828125,-0.735107421875,-0.204833984375,-76.21951293945312,-49.20731735229492,100.30487823486328
3128.0,-1.224853515625,-0.645751953125,-0.218017578125,-153.47561645507812,40.853660583496094,48.658538818359375
3138.0,-1.100341796875,-0.578369140625,-0.205078125,-189.14634704589844,158.35366821289062,-8.109756469726562
3148.0,-1.009521484375,-0.536376953125,-0.223388671875,-161.89024353027344,264.45123291015625,-81.64634704589844
3157.0,-0.954345703125,-0.453125,-0.366455078125,,,
3159.0,,,,-120.91463470458984,338.5975646972656,-167.86585998535156
3167.0,-0.873779296875,-0.398681640625,-0.475341796875,-80.06097412109375,350.5487976074219,-261.1585388183594
3178.0,-0.810546875,-0.455810546875,-0.470458984375,-43.53658676147461,319.20733642578125,-339.32928466796875
3188.0,-0.80859375,-0.50830078125,-0.37890625,-13.292683601379395,288.1707458496094,-380.0
3198.0,-0.88525390625,-0.49853515625,-0.310791015625,-10.853658676147461,247.9268341064453,-392.07318115234375
3208.0,-1.019775390625,-0.458984375,-0.270751953125,-45.73170852661133,185.79269409179688,-354.93902587890625
3219.0,-1.110595703125,-0.450439453125,-0.26025390625,-102.92683410644531,112.3780517578125,-249.2073211669922
3229.0,-1.130859375,-0.413330078125,-0.2373046875,-133.35366821289062,70.12195587158203,-120.06098175048828
3238.0,-1.091064453125,-0.35302734375,-0.204833984375,-97.13414764404297,58.414634704589844,-29.817073822021484
3248.0,-1.047607421875,-0.282958984375,-0.17578125,-13.658536911010742,54.63414764404297,-8.04878044128418
3258.0,-1.0908203125,-0.240234375,-0.171875,52.621952056884766,55.67073440551758,-53.23170852661133
3268.0,-1.150390625,-0.22314453125,-0.1865234375,67.25609588623047,68.53659057617188,-135.73170471191406
3279.0,-1.098388671875,-0.23583984375,-0.182373046875,41.82926940917969,92.256103515625,-220.3048858642578
3289.0,-0.9013671875,-0.287353515625,-0.15576171875,5.97560977935791,109.26829528808594,-277.56097412109375
3299.0,-0.678955078125,-0.340087890625,-0.12060546875,-12.256097793579102,113.71951293945312,-315.18292236328125
3308.0,-0.44873046875,-0.324462890625,-0.0791015625,-10.365854263305664,108.96341705322266,-348.5365905761719
3318.0,-0.156982421875,-0.202392578125,-0.044921875,3.170731782913208,99.39024353027344,-397.3780517578125
3329.0,0.050537109375,-0.061279296875,-0.02490234375,12.92682933807373,108.17073059082031,-496.1585388183594
3339.0,0.032470703125,-0.025146484375,-0.01806640625,12.92682933807373,125.48780822753906,-581.768310546875
3349.0,0.016845703125,-0.031005859375,-0.01611328125,11.40243911743164,125.91463470458984,-584.268310546875
3359.0,0.021240234375,-0.03125,-0.016357421875,10.97560977935791,123.71951293945312,-578.4756469726562
3370.0,0.02294921875,-0.032470703125,-0.017822265625,10.365854263305664,123.17073822021484,-579.756103515625
3378.0,0.0244140625,-0.033447265625,-0.02099609375,,,
3380.0,,,,9.695121765136719,122.43902587890625,-580.1219482421875
3389.0,0.02490234375,-0.033203125,-0.0224609375,9.207317352294922,121.70732116699219,-580.0609741210938
3399.0,0.02392578125,-0.0322265625,-0.018798828125,8.59756088256836,120.8536605834961,-580.1219482421875
3409.0,0.0244140625,-0.03271484375,-0.01904296875,8.04878044128418,120.0,-580.3048706054688
3419.0,0.023681640625,-0.031494140625,-0.01953125,7.439024448394775,119.14634704589844,-580.48779296875
3430.0,0.023681640625,-0.03076171875,-0.02099609375,6.95121955871582,118.3536605834961,-580.5487670898438
3440.0,0.02392578125,-0.0322265625,-0.02099609375,6.646341800689697,117.5,-580.6707153320312
3450.0,0.024658203125,-0.03173828125,-0.0205078125,5.97560977935791,116.70732116699219,-580.8536987304688
3459.0,0.025146484375,-0.031494140625,-0.02001953125,5.609755992889404,115.8536605834961,-580.9756469726562
3469.0,0.02490234375,-0.02978515625,-0.01904296875,5.182927131652832,115.0,-581.0975952148438
3479.0,0.0244140625,-0.031982421875,-0.020263671875,4.5731706619262695,114.20732116699219,-581.1585693359375
3490.0,0.023681640625,-0.0302734375,-0.01953125,3.9634146690368652,113.29268646240234,-581.280517578125
3500.0,0.026611328125,-0.030029296875,-0.019287109375,3.4146342277526855,112.43902587890625,-581.5244140625
3510.0,0.026123046875,-0.029541015625,-0.01806640625,2.9268293380737305,111.70732116699219,-581.7073364257812
3520.0,0.0263671875,-0.02880859375,-0.017333984375,2.195122003555298,110.79268646240234,-582.01220703125
3529.0,0.0244140625,-0.029541015625,-0.022216796875,1.7073171138763428,109.93902587890625,-582.1341552734375
3539.0,0.0244140625,-0.0263671875,-0.017333984375,1.0365853309631348,109.14634704589844,-582.4390258789062
3550.0,0.0234375,-0.02587890625,-0.019775390625,0.3048780560493469,108.17073059082031,-582.8048706054688
3560.0,0.02490234375,-0.024658203125,-0.024169921875,-0.3048780560493469,107.256103515625,-583.292724609375
3570.0,0.023681640625,-0.024169921875,-0.0234375,-0.9146341681480408,106.21951293945312,-583.8414916992188
3581.0,0.02294921875,-0.023681640625,-0.023193359375,-1.4634146690368652,105.30487823486328,-584.51220703125
3591.0,0.0224609375,-0.02197265625,-0.0224609375,-2.0731706619262695,104.26829528808594,-585.1829223632812
3601.0,0.02099609375,-0.023681640625,-0.0224609375,-2.865853786468506,103.2317123413086,-585.9146728515625
3610.0,0.0205078125,-0.023681640625,-0.023681640625,-3.841463565826416,102.19512176513672,-586.7073364257812
3620.0,0.01904296875,-0.022216796875,-0.022216796875,-4.756097793579102,100.9756088256836,-587.1951293945312
3630.0,0.0166015625,-0.023681640625,-0.02392578125,-6.158536911010742,99.93902587890625,-587.4390258789062
3641.0,0.017333984375,-0.02099609375,-0.026123046875,-7.560975551605225,98.71951293945312,-587.5
3651.0,0.015380859375,-0.018798828125,-0.025390625,-8.90243911743164,97.43902587890625,-587.256103515625
3661.0,0.01171875,-0.01953125,-0.022216796875,-10.0,96.46341705322266,-586.768310546875
3671.0,0.0087890625,-0.017578125,-0.02392578125,-10.670731544494629,95.54878234863281,-586.1585693359375
3680.0,0.008544921875,-0.017578125,-0.027587890625,-11.158536911010742,94.69512176513672,-585.4268188476562
3690.0,0.006103515625,-0.018310546875,-0.025390625,-11.52439022064209,93.96341705322266,-584.9390258789062
3701.0,0.003173828125,-0.017333984375,-0.02734375,-11.890244483947754,93.29268646240234,-584.51220703125
3711.0,1.8505859375,1.1455078125,-2.220458984375,54.20731735229492,288.6585388183594,-369.1463623046875
3721.0,7.999755859375,-1.18017578125,-7.00634765625,415.5487976074219,1393.1097412109375,259.32928466796875
3731.0,7.999755859375,-1.763671875,-6.6044921875,1879.2073974609375,1997.98779296875,317.07318115234375
3742.0,7.873779296875,-1.4267578125,-6.356689453125,1997.98779296875,1997.98779296875,850.9146728515625
3750.0,7.998779296875,-1.432861328125,-6.48974609375,,,
3752.0,,,,1976.7073974609375,1983.292724609375,1691.58544921875
3761.0,7.999755859375,-1.428955078125,-6.527587890625,1992.1951904296875,1997.98779296875,1997.98779296875
3771.0,7.99755859375,-1.39453125,-6.55322265625,1997.98779296875,1997.98779296875,1997.98779296875
3781.0,7.99951171875,-1.365478515625,-6.593505859375,1997.743896484375,1997.6829833984375,1990.304931640625
3791.0,7.999755859375,-1.32861328125,-6.630859375,1997.804931640625,1997.98779296875,1997.98779296875
3802.0,4.668212890625,-0.647705078125,-4.03271484375,1748.59765625,1723.231689453125,1775.48779296875
3812.0,-0.607666015625,0.100830078125,0.623046875,20.85365867614746,129.14634704589844,254.2073211669922
3822.0,-0.033447265625,0.130615234375,0.185302734375,-496.0365905761719,148.47561645507812,133.65853881835938
3831.0,0.257568359375,0.065185546875,-0.08544921875,-503.2926940917969,395.06097412109375,545.48779296875
3841.0,0.148681640625,0.07958984375,0.011962890625,-523.5975952148438,524.1463623046875,766.8902587890625
3851.0,0.15380859375,0.08203125,0.0107421875,-511.70733642578125,735.792724609375,1032.6219482421875
3862.0,0.161865234375,0.079833984375,0.0029296875,-503.2926940917969,734.1463623046875,1090.48779296875
3872.0,0.1611328125,0.079345703125,0.001953125,-496.70733642578125,724.268310546875,1065.8536376953125
3882.0,0.1640625,0.0810546875,0.00048828125,-489.3902587890625,732.6219482421875,1066.4024658203125
3893.0,0.164306640625,0.081298828125,0.0029296875,-482.1341552734375,737.6219482421875,1067.804931640625
3901.0,0.167724609375,0.080078125,-0.000732421875,-474.756103515625,741.9512329101562,1067.0732421875
3912.0,0.169189453125,0.0791015625,-0.000732421875,-467.31707763671875,746.3414916992188,1066.768310546875
3922.0,0.168701171875,0.076416015625,0.0,-459.756103515625,750.6098022460938,1066.5244140625
3932.0,0.171630859375,0.07958984375,-0.00341796875,-452.256103515625,754.8170776367188,1066.3414306640625
3942.0,0.17138671875,0.078857421875,-0.002685546875,-444.8780517578125,758.9634399414062,1066.1585693359375
3953.0,0.173828125,0.076171875,-0.003662109375,-437.31707763671875,762.98779296875,1065.9146728515625
3963.0,0.1728515625,0.07763671875,-0.005859375,-429.756103515625,766.8292846679688,1065.792724609375
3973.0,0.173828125,0.075927734375,-0.00537109375,-422.256103515625,770.6098022460938,1065.6707763671875
3982.0,0.173095703125,0.07666015625,-0.008056640625,-414.756103515625,774.2073364257812,1065.548828125
3992.0,0.176025390625,0.07470703125,-0.01123046875,-407.256103515625,777.8048706054688,1065.548828125
4002.0,0.174560546875,0.077880859375,-0.0126953125,-399.6341552734375,781.3414916992188,1065.6097412109375
4013.0,0.518798828125,-0.890380859375,0.664794921875,-294.6341552734375,802.6829223632812,572.4390258789062
4023.0,0.97265625,-0.65478515625,-0.227294921875,41.76829528808594,700.1219482421875,-1802.9268798828125
4033.0,1.016357421875,-0.20166015625,-0.427001953125,48.04878234863281,895.1829223632812,-1997.98779296875
4043.0,0.97705078125,-0.318359375,-0.31494140625,35.975608825683594,1536.341552734375,-1825.853759765625
4052.0,0.986083984375,-0.3193359375,-0.329345703125,,,
4054.0,,,,20.609756469726562,1931.4635009765625,-1869.329345703125
4062.0,0.99072265625,-0.302734375,-0.34130859375,-8.292682647705078,1874.9390869140625,-1891.9512939453125
4073.0,0.994140625,-0.29638671875,-0.340576171875,-34.756099700927734,1842.1951904296875,-1899.08544921875
4083.0,0.9970703125,-0.288818359375,-0.34033203125,-60.54878234863281,1835.243896484375,-1911.9512939453125
4093.0,0.999755859375,-0.282958984375,-0.34423828125,-86.4024429321289,1819.6951904296875,-1925.243896484375
4103.0,1.0009765625,-0.277099609375,-0.3466796875,-112.31707763671875,1803.292724609375,-1938.048828125
4114.0,0.84423828125,0.234375,0.94580078125,224.3292694091797,1836.4024658203125,-1952.256103515625
4124.0,0.5556640625,-0.38330078125,-0.0498046875,1337.56103515625,1969.2073974609375,-1988.4146728515625
4133.0,0.119873046875,0.018798828125,-0.200927734375,1130.48779296875,1734.6951904296875,-1819.6341552734375
4143.0,0.6787109375,-0.467041015625,-0.054931640625,817.01220703125,1485.548828125,-1644.6951904296875
4153.0,0.6474609375,-0.43994140625,-0.081787109375,850.6098022460938,1535.8536376953125,-1676.6463623046875
4164.0,0.61962890625,-0.403564453125,-0.0927734375,840.0609741210938,1553.3536376953125,-1687.4390869140625
4174.0,0.6943359375,-0.6474609375,-0.34033203125,812.0731811523438,1553.6585693359375,-1687.01220703125
4184.0,0.642333984375,-0.984619140625,-1.03125,915.8536987304688,1509.51220703125,-1642.256103515625
4194.0,0.49755859375,-0.354736328125,0.03955078125,1065.8536376953125,1453.53662109375,-1560.792724609375
4203.0,1.049560546875,-0.885498046875,-0.650146484375,973.4146728515625,1383.9024658203125,-1567.3780517578125
4213.0,0.411376953125,-0.266845703125,-0.079833984375,624.3902587890625,902.9878540039062,-1549.329345703125
4224.0,0.291748046875,-0.14501953125,0.0908203125,572.6219482421875,836.3414916992188,-1540.9146728515625
4234.0,0.375,-0.2236328125,0.002197265625,596.280517578125,890.4878540039062,-1545.6707763671875
4244.0,0.3662109375,-0.21337890625,0.0087890625,581.6463623046875,887.6829223632812,-1547.4390869140625
4254.0,0.5556640625,0.0537109375,0.262939453125,571.280517578125,886.768310546875,-1547.6829833984375
4265.0,0.302734375,0.199462890625,0.4140625,1263.5975341796875,366.768310546875,-1098.231689453125
4273.0,-0.1611328125,-0.04345703125,-0.253173828125,,,
4275.0,,,,1997.98779296875,-274.0243835449219,-549.1463623046875
4284.0,0.22802734375,0.6669921875,-0.63330078125,1090.6707763671875,-100.9756088256836,-673.8414916992188
4294.0,0.122802734375,-0.06005859375,-0.109375,-923.4756469726562,69.8780517578125,-830.9146728515625
4304.0,0.095703125,-0.075439453125,-0.11572265625,-814.1463623046875,39.45122146606445,-814.2073364257812
4314.0,0.1103515625,-0.014892578125,-0.156005859375,-680.6707763671875,24.024391174316406,-804.8170776367188
4325.0,-0.209716796875,0.251708984375,-0.08642578125,-723.1707763671875,18.475610733032227,-804.3902587890625
4335.0,-0.43798828125,0.33642578125,-0.08984375,-1016.4634399414062,-324.08538818359375,-424.57318115234375
4345.0,-0.1884765625,0.414306640625,0.655029296875,-1054.8780517578125,-258.0487976074219,-322.256103515625
4354.0,0.155517578125,-0.050537109375,-0.1904296875,-652.1951293945312,416.2804870605469,-812.5
4364.0,0.119873046875,-0.0439453125,-0.203125,-685.3048706054688,363.2926940917969,-787.3780517578125
4374.0,0.100830078125,-0.009033203125,-0.128662109375,-712.5,313.2926940917969,-755.1219482421875
4385.0,-0.2900390625,-0.42431640625,0.02001953125,-660.48779296875,245.97561645507812,-704.3292846679688
4395.0,-0.1962890625,-0.046875,0.12548828125,109.93902587890625,-1030.06103515625,345.9146423339844
4405.0,-0.13671875,0.429931640625,0.777587890625,167.256103515625,-925.8536987304688,285.7926940917969
4415.0,0.04150390625,-0.093994140625,-0.1884765625,-352.8658752441406,115.54878234863281,-501.46343994140625
4424.0,-0.21484375,-0.305419921875,0.360107421875,-639.4512329101562,23.780488967895508,-416.768310546875
4435.0,-0.3408203125,-0.352294921875,0.705322265625,-667.5,308.7195129394531,-111.58536529541016
4445.0,-0.27783203125,-0.256591796875,-0.035400390625,-534.51220703125,550.9146728515625,70.42683410644531
4455.0,-0.21240234375,-0.2177734375,0.025146484375,6.341463565826416,-290.3658752441406,74.75609588623047
4465.0,-0.232421875,-0.26904296875,0.6240234375,243.53659057617188,-600.48779296875,121.21951293945312
4476.0,-0.181640625,-0.224853515625,0.394775390625,186.89024353027344,-18.04878044128418,455.3658752441406
4486.0,0.080322265625,0.041748046875,-0.182861328125,190.24391174316406,122.07317352294922,555.8536987304688
4496.0,-0.37353515625,-0.4716796875,0.620361328125,215.97561645507812,101.15853881835938,551.4024658203125
4505.0,-0.796142578125,0.09716796875,1.369873046875,280.5487976074219,257.8658447265625,682.256103515625
4515.0,-0.179931640625,-0.129150390625,0.371337890625,15.365854263305664,-361.0365905761719,259.81707763671875
4525.0,0.024658203125,0.03857421875,-0.15576171875,65.24390411376953,-273.1097717285156,323.7195129394531
4536.0,-0.307373046875,0.34228515625,0.677490234375,-29.69512176513672,-55.3658561706543,226.21951293945312
4546.0,-0.137939453125,0.095947265625,0.285888671875,-207.07318115234375,177.9268341064453,20.792682647705078
4556.0,-0.168701171875,0.181884765625,0.399658203125,-333.5975646972656,351.3414611816406,-112.01219940185547
4566.0,-0.82275390625,-0.17041015625,0.925537109375,-297.07318115234375,309.51220703125,-68.9024429321289
4575.0,-0.02197265625,0.046142578125,0.047119140625,,,
4577.0,,,,-88.84146881103516,130.1219482421875,164.02439880371094
4585.0,-0.21875,0.153564453125,-0.05517578125,-129.81707763671875,200.06097412109375,120.91463470458984
4596.0,-1.0,-0.24951171875,0.386962890625,-230.3048858642578,-134.02439880371094,-70.8536605834961
4606.0,-0.245361328125,-0.449951171875,0.87060546875,-59.32926940917969,-284.51220703125,158.23170471191406
4616.0,-0.46337890625,0.56494140625,0.331298828125,42.256099700927734,7.9268293380737305,363.1707458496094
4626.0,-0.446533203125,-0.2998046875,0.7412109375,-290.243896484375,-110.42683410644531,-103.41463470458984
4637.0,-0.6240234375,0.1416015625,0.19775390625,-181.21951293945312,259.57318115234375,76.70732116699219
4647.0,-0.599853515625,-0.385498046875,0.567138671875,-184.8780517578125,-66.58536529541016,24.63414764404297
4656.0,-0.339111328125,-0.112060546875,0.445556640625,-74.1463394165039,0.24390244483947754,200.3048858642578
4666.0,-0.6767578125,-0.037353515625,0.841552734375,-53.658538818359375,-22.073171615600586,216.76829528808594
4676.0,-0.478515625,0.2587890625,0.29443359375,-108.17073059082031,35.0,132.6219482421875
4686.0,-0.713134765625,-0.188720703125,0.80419921875,-212.9268341064453,-19.69512176513672,-35.67073440551758
4697.0,-0.646484375,-0.29833984375,0.515625,-128.47561645507812,-30.731708526611328,65.06097412109375
4707.0,-0.740234375,0.0888671875,0.67041015625,-79.93902587890625,25.060976028442383,138.1707305908203
4717.0,-0.793212890625,-0.246826171875,0.439453125,-123.41463470458984,41.158538818359375,60.42683029174805
4726.0,-0.68505859375,-0.0029296875,0.66259765625,-45.30487823486328,-36.82926940917969,139.2073211669922
4736.0,-0.835693359375,-0.1328125,0.579833984375,-118.17073822021484,23.59756088256836,30.731708526611328
4747.0,-0.90673828125,-0.123046875,0.5634765625,-92.43902587890625,-4.5731706619262695,65.48780822753906
4757.0,-0.873291015625,-0.17626953125,0.6005859375,-90.06097412109375,-5.9146342277526855,59.69512176513672
4767.0,-0.850341796875,-0.1533203125,0.561279296875,-76.95121765136719,2.5,81.64634704589844
4777.0,-0.869873046875,-0.0810546875,0.588623046875,-83.96341705322266,-3.0487804412841797,79.69512176513672
4788.0,-0.848876953125,-0.138427734375,0.5361328125,-88.10975646972656,1.097561001777649,67.13414764404297
4796.0,-0.8583984375,-0.09765625,0.576904296875,,,
4798.0,,,,-85.9756088256836,2.987804889678955,70.91463470458984
4807.0,-0.8291015625,-0.183837890625,0.523193359375,-97.62195587158203,13.90243911743164,56.158538818359375
4817.0,-0.849853515625,-0.126953125,0.54833984375,-83.4756088256836,-3.47560977935791,77.98780822753906
4827.0,-0.8720703125,-0.125,0.540771484375,-84.63414764404297,-7.5,77.86585235595703
4837.0,-0.868408203125,-0.124267578125,0.5400390625,-86.28048706054688,-3.1097562313079834,77.43902587890625
4848.0,-0.878173828125,-0.124267578125,0.542724609375,-92.19512176513672,1.8902438879013062,72.74390411376953
4858.0,-0.864990234375,-0.115478515625,0.518798828125,-97.43902587890625,7.621951580047607,68.41463470458984
4868.0,-0.8603515625,-0.129150390625,0.534912109375,-92.3780517578125,-0.4268292784690857,75.60975646972656
4877.0,-0.879150390625,-0.113525390625,0.54296875,-89.51219940185547,-6.158536911010742,81.95121765136719
4887.0,-0.863525390625,-0.08935546875,0.556640625,-90.54878234863281,-3.1097562313079834,79.51219940185547
4897.0,-0.87353515625,-0.104736328125,0.53515625,-95.12195587158203,7.9268293380737305,69.45121765136719
4908.0,-0.860107421875,-0.10107421875,0.5283203125,-95.12195587158203,6.341463565826416,67.19512176513672
4918.0,-0.8134765625,-0.0205078125,0.61181640625,-77.07317352294922,-11.036585807800293,75.7317123413086
4928.0,-0.79150390625,0.01220703125,0.63134765625,-57.0121955871582,-2.5609755516052246,51.82926940917969
4938.0,-0.81640625,-0.027587890625,0.599609375,-34.57316970825195,1.8902438879013062,26.707317352294922
4947.0,-0.81787109375,-0.02978515625,0.598876953125,-13.59756088256836,0.6707317233085632,10.54878044128418
4957.0,-0.809814453125,-0.027099609375,0.611328125,1.097561001777649,0.3658536672592163,-0.9146341681480408
4968.0,-0.808349609375,-0.029541015625,0.61279296875,0.6097561120986938,0.6097561120986938,-0.5487805008888245
4978.0,-0.806396484375,-0.029296875,0.610595703125,-0.4268292784690857,0.4878048896789551,0.3048780560493469
