timestamp,x_acc,y_acc,z_acc,x_gyro,y_gyro,z_gyro,squared norm,zero velocity,px,py,pz,vx,vy,vz,q0,q1,q2,q3,psi,theta,phi
0.0,-1.1618062338151207,-0.5186064740346334,0.5613322994607111,-63.72774522461317,-362.9977392673245,-265.88520317511586,206523.52549207438,False,0.0,0.0,0.0,0.0,0.0,0.0,-0.8689556691969162,0.44929777109599256,-0.1843005802851397,-0.09529351481225731,-0.34770203374871866,0.23687674986368046,0.9961872443780817
9.0,-1.0296016756996378,-0.5419518766790064,0.5460682130511064,-72.3799568819531,-353.97813895664274,-272.14367053808405,204601.5584313829,False,2.8522185821263496e-05,-0.0007205759160492392,0.0003056181334658277,0.006338263515836322,-0.16012798134427536,0.06791514077018394,-0.8730987845998048,0.45411889929428084,-0.15008502904469265,-0.09459926897576011,-0.31129516747150826,0.1770835458516427,0.9870908909442518
19.0,-0.9031865972946618,-0.6089426861857009,0.523411586825123,-102.14640049626419,-327.84790613196355,-307.5306114643922,212493.21367711894,False,-0.00019448224689346222,-0.002290041753421185,0.0010116290752688634,-0.050083798180865745,-0.15427299747081705,0.0738701101993462,-0.8751484765494859,0.46276210802311873,-0.11236472666800076,-0.08567697223839339,-0.2585966187445119,0.11764672493254168,0.9881274762283009
29.0,-0.797332872732213,-0.6425775771730416,0.45973539085681536,-122.01411229317378,-325.76611631203014,-360.1338659930681,250707.40757082752,False,-0.0009642440213893612,-0.0038394254371008343,0.0017402407851809683,-0.10387483992440323,-0.15558735375642543,0.07184655820693812,-0.8752395265799178,0.4726860299721308,-0.07236035405082374,-0.07271634852622126,-0.19730261848440486,0.057953715277796414,0.9961042313159618
39.0,-0.7503559666256824,-0.6635148828206308,0.3948958510442323,-133.0539022773296,-329.8876653560297,-409.9997092809922,294628.97427577514,False,-0.002288389408837808,-0.005431239534012264,0.002411101221993003,-0.16095416631484177,-0.1627755626175007,0.062325584034837914,-0.8734183146667418,0.48281130447068976,-0.029815566087110085,-0.05607783785885986,-0.12709153646142965,-0.002067106603886707,1.009824078339143
50.0,-0.7170061264199883,-0.653811512092032,0.3436364999653271,-136.74036450253107,-323.8641303090411,-482.2896354200011,356189.1946186742,False,-0.0044322330161534335,-0.007283203148324423,0.002982863526354119,-0.228835573699277,-0.17394509664413949,0.041631203014350346,-0.8691477038664505,0.49315788436769775,0.019793910458238702,-0.03139699123203691,-0.035136578940137525,-0.06542166860724939,1.0310640199681864
60.0,-0.6468301640690715,-0.6100139921358805,0.30044448201291374,-127.06329814063385,-315.32019033642365,-578.2975991740611,450000.0173786571,False,-0.007036128596055114,-0.009073098480627153,0.003240029533547444,-0.29194354563868774,-0.18403396818531823,0.009801995907603745,-0.8632432755356537,0.5001462307665674,0.0682878043053343,-0.0012533457731407976,0.06666785149123504,-0.11943543986553734,1.0542275275974158
70.0,-0.5518694357523255,-0.5188055140353239,0.26183470825152444,-105.66543917761048,-310.14306693427875,-697.5537458635478,593935.1353722648,False,-0.01025586541894257,-0.010948799670554817,0.0030987348991880657,-0.35200381138743464,-0.19110627002258151,-0.03806091543914598,-0.8549781386426396,0.5028632522996276,0.1212592270203059,0.037909521129213704,0.19066343302322306,-0.17003958798138247,1.079633436412232
80.0,-0.4533842346436894,-0.4079015251577102,0.23959312037840966,-84.6701239017687,-308.27739404297466,-827.0498228519594,786215.3910389259,False,-0.01404836551004449,-0.012868747775511863,0.0023978665732434508,-0.40649620976047723,-0.19288335098150203,-0.1021127533862792,-0.8428659096695367,0.5000291425630109,0.1791474878771676,0.08633708642260775,0.3389778904197859,-0.2173600058961708,1.1082208927007933
89.0,-0.35016591330044505,-0.2616562051394184,0.21456585963052593,-85.91968784710852,-328.25181112979016,-965.9864753829385,1048261.3148924843,False,-0.01788708821445203,-0.014585303677720016,0.001149080714092286,-0.4465532822514245,-0.1885735157445444,-0.17539521886191103,-0.8258274506723624,0.49278297477685085,0.23699252365099135,0.1378713357431443,0.49738628656364015,-0.25841507017627785,1.1419682543963046
100.0,-0.22643602157364898,-0.0815165832491292,0.15514849242596734,-129.58735410023152,-379.221345707081,-1108.6214893700283,1389643.3180756078,False,-0.022959208368254245,-0.016602480329712566,-0.0013714056224228778,-0.475650381354934,-0.17818587613502462,-0.2828750218306097,-0.791670541859741,0.479673091242916,0.31525579722001523,0.2092492795881077,0.7261651343379592,-0.30303151171301423,1.2053816533500472
110.0,-0.10081502580703147,0.13583048573916603,0.00969871826821038,-203.10043973791,-452.4866169858277,-1255.5275233840193,1822343.2891478208,False,-0.027710199619703,-0.01834853905154696,-0.004765454041301678,-0.47454786911486724,-0.1710258685534844,-0.3959346597978228,-0.7425505372931145,0.46383585860139426,0.3929774181105594,0.2811471940040891,0.9725437066097959,-0.32868519311335903,1.291578522829856
120.0,-0.02272945987492239,0.3288536835868581,-0.11489364773801132,-262.75152892433107,-502.6366661922772,-1354.1364010681634,2155367.3768507983,False,-0.03231727837958702,-0.020043083495465686,-0.009314886788541386,-0.4468678824192447,-0.1678830199201663,-0.5139518894063153,-0.6752936197302628,0.4427042681760471,0.47085569912457825,0.35536793424873675,1.2439712521187545,-0.32708706360565243,1.3960768847398348
130.0,-0.016250050433644945,0.34478316411404225,-0.1202698475137605,-280.5287809476635,-506.22335206626656,-1359.3474409498774,2182783.94433417,False,-0.036617753813413194,-0.021716312529238016,-0.015006712170714078,-0.41322720232392773,-0.16676278766357613,-0.6244131836434316,-0.5957329799873072,0.41512732945663877,0.540804246166276,0.4246201646438473,1.5138305895848274,-0.29611549848438723,1.4971261399130398
141.0,-0.02465410419266034,0.32786765238046706,-0.11257184571031095,-287.94969496634843,-504.9231551009284,-1348.7856665738873,2157085.1937434548,False,-0.040958733556700266,-0.023556248252423667,-0.022494931321196523,-0.3760418416038393,-0.167770981081322,-0.7370812060856072,-0.4968968448194776,0.3776751868732782,0.6065699479291812,0.49247119418080976,1.7998342758027528,-0.23291736128385304,1.59251577201066
151.0,-0.024696850414465867,0.3306693835848862,-0.11571336453312278,-299.3455415603965,-507.4256548360281,-1346.416192782733,2159925.112625409,False,-0.04454968293861752,-0.025251540550435075,-0.030330828381165173,-0.342148034904296,-0.17128747866087451,-0.8300982014982403,-0.3979685800903514,0.33778563811813644,0.6553095067168431,0.5459774009503696,2.0492942599136357,-0.15333873522072686,1.6590036669789776
160.0,-0.02420760413007896,0.33249519400125876,-0.11503126646511545,-310.53047647749133,-509.62757192229714,-1343.1981543594302,2160330.7207593336,False,-0.04750176896735547,-0.026814997008898077,-0.038144590469231354,-0.31387108306332173,-0.1761472905237921,-0.9062933724327783,-0.3030496989941132,0.2977306871744085,0.6893495072935678,0.5867832433261426,2.2659912197400147,-0.06846103080679122,1.6991408299532003
170.0,-0.027621649885377148,0.3314380952434735,-0.11508459117657228,-321.5162795228999,-511.5390096300802,-1339.435849482327,2159133.2712500137,False,-0.05050341027656015,-0.028611268133064333,-0.04759902818375962,-0.2864571793167317,-0.1831069345836478,-0.9845941697094481,-0.192707229937197,0.24918999223792657,0.7156967292630803,0.6233349525099035,2.5014705424559858,0.034824834265893785,1.7200752325042226
180.0,0.07531817995824756,0.4933998585360854,-0.11536944315596416,-332.8149614617861,-513.3518094146326,-1335.8235384774957,2158720.404752625,False,-0.05325509911697128,-0.030470070433316822,-0.05771270197435533,-0.2638805891193247,-0.1886535253930708,-1.038140588053272,-0.07930981352041572,0.19724116452909032,0.7294271472327776,0.6501860605814438,2.7357309002882446,0.14125472117339677,1.7146559908045713
190.0,0.4478954848994289,1.2589577780692287,0.8057749921869584,-1113.1706204698496,-22.462505435004346,-1232.1274301309847,2757791.3985088323,False,-0.05579672296354418,-0.03188142341469192,-0.06799252672443294,-0.2444441799607805,-0.09361707041040965,-1.0178243619550862,0.011627191272083988,0.12602496359985513,0.6798397318202202,0.7223575679754374,2.983258567667874,0.19919409479989994,1.5260250816657126
201.0,0.4936659472248489,1.2578762577842295,0.12736108922299935,-2065.3409087354785,909.6323086052312,-1225.527273301558,6594981.103760726,False,-0.05863887405091295,-0.032838327037611435,-0.07899463383494831,-0.27231056986586116,-0.08036540546444232,-0.9825587474102692,0.06105518721631844,-0.021247956904915075,0.5334578751208799,0.8433525264756505,-3.0155533614105035,0.029305899244072352,1.126162731461753
211.0,0.37503984969737403,1.1733986068951023,0.2840597350701438,-2081.1879314653684,1193.9009865860878,-1494.9645573438606,7991661.799562657,False,-0.06161263218877221,-0.03374515792591992,-0.0887530083600411,-0.32244105163062764,-0.10100077119680875,-0.9691161549588915,0.10898296498940623,-0.18695567525583356,0.3696681520507886,0.9036126084728501,-2.7873739729416718,-0.2602228942029328,0.8234854335099201
221.0,-0.0057612518967959,1.6903739914468021,0.8116489449945985,-2044.4615643423617,777.3869533430294,-1298.3612231312516,6469895.429032054,False,-0.06521481933750267,-0.03505596011363465,-0.0981518756594306,-0.39799637875763405,-0.16115966871737183,-0.910657306773564,0.14968401540953974,-0.30358692690065003,0.1875915069421992,0.9220841067218603,-2.673271912719013,-0.52788394156647,0.5301569281878808
230.0,-0.18450798912779182,1.320172665911211,0.18021509180636253,-2022.3220942905878,205.55219816288468,-1016.4175691379071,5165143.034077675,False,-0.06898087421577613,-0.0369510967203722,-0.10651278694473998,-0.43890469889000133,-0.2599817916031234,-0.947322968510805,0.16938461833346025,-0.35194425299847554,0.017872156888886274,0.9203937634846904,-2.70484739351868,-0.6968432347732757,0.19969768707892116
240.0,-0.3471388939382807,0.5359281055862464,0.03941899043190307,-1589.5570469720126,-616.1318541062794,-938.8963533757748,3787836.429605154,False,-0.07334928195968574,-0.03984654270265207,-0.11637333258085468,-0.43477685492884877,-0.31910740133723214,-1.0247861457948262,0.1941432525975841,-0.3226154605779496,-0.1464248991394423,0.9147608490632467,-2.792597046353935,-0.7037571988942516,-0.1881720655107678
250.0,-0.10900981556357589,0.46166645073625423,-0.2683900931327457,-1409.1961218042043,-960.3190598477316,-903.2756198445921,3723953.251820473,False,-0.0776325930459589,-0.04324254922186818,-0.12727080224640225,-0.42188535972464597,-0.36009390236877153,-1.1547077978918716,0.21133226894240004,-0.2541724758309072,-0.2974070413138897,0.8957031184553073,-2.8584262766661417,-0.6199931287179035,-0.5499152217431726
261.0,-0.15744920951314126,0.5307669533770296,-0.1881049009868093,-1473.5077039513876,-857.6070432060397,-896.4883854891092,3710406.219477566,False,-0.08220707257847894,-0.047436750538334314,-0.1408144304912028,-0.40983819045217945,-0.4024881477799627,-1.3077700705153747,0.2241281752734258,-0.1809934562934487,-0.456995464000411,0.8415242573512692,-2.8929066970897366,-0.5345709412107834,-0.9265677452305174
271.0,-0.16857174058368643,0.5183696040238182,-0.18214855190335572,-1477.5114933297102,-863.3817655281936,-883.0602556749461,3708263.7011206723,False,-0.08624482714827107,-0.05156754146303766,-0.15463674651945103,-0.39771272463060786,-0.4236700360748768,-1.4566931360122528,0.22788607633892063,-0.10921647955889413,-0.589184397039104,0.7674642943416201,-2.8933562731520883,-0.45134177297834077,-1.2522004917554745
281.0,-0.16352095541968184,0.5120514268339337,-0.19119801398187775,-1475.610605791274,-880.036989273236,-868.9315870179287,3706933.8653302887,False,-0.09016661637374922,-0.05581317141438918,-0.16996834583607598,-0.38664512192687034,-0.42545594366544615,-1.6096267300616771,0.22343225772637249,-0.03387421343471303,-0.7050892279125441,0.672145627489436,-2.867357185293581,-0.36892842415029053,-1.5671473592459866
291.0,0.30498973162256454,-0.2579128242155542,-0.5146634643419167,-1428.4124412244987,-847.2810984393611,-840.6278471090748,3464902.53935278,False,-0.09404439609716403,-0.05979210830648504,-0.18639382483545827,-0.38891082366768803,-0.37033142998675567,-1.6754690695873715,0.21353796624787189,0.039937144521542574,-0.7984281556613622,0.561532761025912,-2.818133766968436,-0.3006461326717955,-1.8663064701225187
302.0,0.2718489723608077,-0.31926429541083373,-0.25300202596210153,-799.4783874915095,-356.7799980992005,-647.7705003386646,1186064.2802186937,False,-0.09836653688093876,-0.0637695287951072,-0.2051467909902673,-0.3969329548701289,-0.3528359322019775,-1.7341611397810126,0.22307582823444108,0.09219346127353287,-0.841948466547383,0.48255602807801934,-2.744467092688774,-0.29073836625898003,-2.041819760039025
310.0,-0.10542736264260652,0.2721039203733035,0.05524209904706706,-590.8660910182316,-187.85471097347062,-583.9087562140182,725361.5655334931,False,-0.10154938323933065,-0.06656482335731954,-0.21942281212722248,-0.398778632721729,-0.3459877120772039,-1.8348441436232825,0.23505988790584748,0.12347636136517266,-0.8596458878642553,0.4364738076446099,-2.689195930336876,-0.30086675358907444,-2.1322176559623274
321.0,-0.015671831501115858,0.14101642149547014,-0.03830704765063664,-675.2336217726427,-253.77403265808863,-604.51326553267,885777.9918287212,False,-0.10595616180997829,-0.07030298855500827,-0.24025075212211688,-0.4024538340036939,-0.3336786887709637,-1.9520540377594382,0.24650286278207947,0.1683869565531853,-0.8832712340043367,0.36154404805424645,-2.616844557463536,-0.31908636186161443,-2.2781797006871183
331.0,-0.00710647898220176,0.12448446435028307,-0.04139930683491354,-675.6825827241131,-253.67027128291505,-600.359813976024,881327.465366802,False,-0.11000051207369575,-0.07358307053906225,-0.2602851338536182,-0.406416218609412,-0.32233770878653445,-2.0548223096204365,0.2550256785168153,0.20771082409242203,-0.8984492787999375,0.2908728421076071,-2.554322604540546,-0.34417523732018546,-2.4103777810936142
341.0,-0.01660416551182378,0.14086281805056344,-0.03421188836423174,-671.9472347864757,-250.09656529463905,-595.2643464726143,868401.0204908354,False,-0.11408866851892047,-0.0767426276005416,-0.2813456073875104,-0.41121507041639466,-0.3095737029649136,-2.1572723958523348,0.2618813705812297,0.24523960623008373,-0.9074445184679186,0.21867814061112117,-2.495764532107326,-0.37688786300596766,-2.541187110852408
351.0,0.2532393208873487,0.038473729478520624,-0.5594249749531207,-670.1077468710708,-254.24256336463242,-589.2364847509483,860883.3084044969,False,-0.11820262918654578,-0.07972047816030577,-0.30313102021942784,-0.4115770631117998,-0.285996409054783,-2.1998101707222557,0.2663966417329975,0.2806312410560017,-0.9104925846466715,0.1458841633631733,-2.4426961824933264,-0.41503835143729956,-2.6706919289019813
362.0,0.47876112401912313,-0.04914140037324595,-0.817481052194541,143.7533425394943,-490.28586658323684,-154.20920966915483,284825.73480933806,False,-0.1227162304653269,-0.08281145766064432,-0.32736227899159714,-0.409077714635162,-0.27599986381070735,-2.205873242387728,0.22153831605168237,0.3042871725714424,-0.9156623888351164,0.1410407061887816,-2.4285906814052796,-0.3255973964037601,-2.7137449077992755
372.0,0.029180931963454244,0.13427840126233187,0.1382548389402323,989.5198395509137,-731.6394451248311,293.46352975217246,1600566.633822041,False,-0.1268797753971551,-0.08555415027397281,-0.34997106773259695,-0.42363126943467433,-0.2725386628666514,-2.3158845054915616,0.13234868612257172,0.30721641620584417,-0.9198243754632663,0.20500004194847993,-2.4680545957750857,-0.11778851878303608,-2.66174254290064
381.0,0.07392384012283831,0.11673575317301092,0.024958635335750906,871.2839660828963,-692.998089745677,228.51931770274143,1291603.1805076255,False,-0.13074514871774606,-0.08799282306029847,-0.37122293741149043,-0.4353405795671552,-0.2693886226582799,-2.4067532009173416,0.05764305595532739,0.3098599734928324,-0.914879774384643,0.2523074976076952,-2.5020481345714054,0.05090904456082171,-2.6202673271508696
382.0,0.07638760789745679,0.11573412728003653,0.01991004856417792,858.146646808672,-688.7046058146598,221.30329414169353,1259704.8494972584,False,-0.13118112293727438,-0.08826207539939063,-0.37363482388059843,-0.43660785962765103,-0.2691160555046065,-2.4170197368744173,0.04934036150520571,0.3100284422234545,-0.9138916661437575,0.2573905909158701,-2.506197209728481,0.06946918003451891,-2.6153828387066946
391.0,0.09856151786902312,0.10671949424326713,-0.025527232379978976,824.6893704159864,-674.2543166551555,201.42446844751618,1175303.2576945913,False,-0.13516784189153686,-0.0906716022618836,-0.3957854266483438,-0.44932968576355825,-0.26633435838217157,-2.5053364337365975,-0.022731518865672304,0.3114924913518883,-0.901503844079059,0.2995772437821884,-2.543852195316049,0.2296299752936915,-2.5709684736045433
401.0,0.08728416101121017,0.11118908111577822,-0.005813696576192844,846.5767051540682,-675.9747573111479,210.8806820595426,1218104.6522972812,False,-0.13972613555304556,-0.0933239081047783,-0.4213509492164819,-0.46232904653834433,-0.26412681019612283,-2.607768079888688,-0.10354806950219027,0.30975335665331016,-0.8797357128006505,0.3455368735280042,-2.599822631363489,0.40743138173961996,-2.5076846064793155
412.0,0.011784675809993877,-0.5561681671908448,-1.6742987174940551,451.1899345881575,-130.68467770508673,13.491413565716776,220832.86030054942,False,-0.14505473375372954,-0.09588115250979772,-0.4496727146044598,-0.5065069901716209,-0.20082671787662537,-2.5416438083512025,-0.1281827519011731,0.30821647798087237,-0.8631739805396779,0.3788171909185177,-2.631326889031335,0.4721514868402234,-2.439801429906159
422.0,0.09313047042367643,0.017300179917129947,-0.01363790001840735,-632.0439456799982,914.5447852561965,-349.5589031895182,1358063.140309102,False,-0.15016203751509546,-0.0979098778553794,-0.4755807648774042,-0.5149537543729716,-0.20491836088042406,-2.6399662394727264,-0.029465590670957234,0.31013442866330837,-0.880318301981901,0.3577542484999969,-2.56424263389775,0.2773231044010621,-2.452424942774839
432.0,0.06235476647272718,0.10988304413813205,0.15162671404293898,-639.0385359745383,814.3396948239996,-307.5495295282592,1166106.1021395794,False,-0.1553441550829325,-0.09999216027109577,-0.502555866884745,-0.5214697591467542,-0.2115381222532777,-2.7550541619972,0.06035293154730183,0.3087432210663075,-0.8900523444192919,0.3299120660008812,-2.5078451282529786,0.09643107326586964,-2.463305507461033
442.0,0.06395282401721389,0.043563484800136595,-0.017839495249352147,-548.9090816906506,754.6510855525105,-287.89695674400434,953684.098590515,False,-0.16059744986641888,-0.10210542475246824,-0.5305921191302176,-0.5291891973905758,-0.21111477469713125,-2.852196286934837,0.14236405150385348,0.30562610908983573,-0.8908423263274275,0.30450797675192814,-2.4565900879347047,-0.06756807071881166,-2.4587544801130705
451.0,0.44708172157951154,-0.017727268343792246,-0.6417491754430967,-494.23794560128044,753.8072359766359,-254.23655715216628,877132.7228754966,False,-0.16547573563279258,-0.10393068400935918,-0.5563805144864181,-0.5548743062133237,-0.1944983935572831,-2.878558236514717,0.212695705016903,0.2991065536414776,-0.8857493648774172,0.2841546572824954,-2.413935010146185,-0.20830836473271247,-2.4411570778247627
453.0,0.46082618726058605,-0.012095027296578548,-0.6787826734195129,-482.0888042480872,753.6197138486637,-246.7564683539801,861241.0429572209,False,-0.16658918123141836,-0.10431513678377977,-0.5621422559866053,-0.5585712920594532,-0.18995438088454528,-2.88318326357572,0.2280615493178148,0.29735808120894375,-0.8839398183765691,0.2796721272327497,-2.404157130866583,-0.23913243137199172,-2.4359636797711954
461.0,0.515804049984884,0.010433936892276367,-0.8269166653251778,386.88154608217883,419.01045251366526,258.27602036547404,391953.5927104704,False,-0.17111484860546652,-0.10573349927644725,-0.5852386266742362,-0.5728455514977555,-0.1646362422940298,-2.8909094083381865,0.2406625684905267,0.2791825971339726,-0.8742851169512771,0.31585461823846156,-2.420467975681688,-0.2469557217791276,-2.3547091857197033
472.0,0.10100653066619387,-0.056738852235149406,-0.07691898000023278,413.93115611781167,238.4319495096878,246.6945358576562,289046.9905740429,False,-0.1774270901180348,-0.1075550074157039,-0.6175510075866699,-0.5748347235397864,-0.16654705574229325,-2.9840689393869217,0.24191849897470985,0.26050800977483957,-0.8616336209852041,0.3622133623776198,-2.4456770438008126,-0.2301989810846621,-2.2618726642520524
482.0,0.30084224835403917,-0.14156115339478054,-0.3165820550657181,163.21413857860114,263.1966932998536,64.50502886213346,100072.25314443669,False,-0.18320692848208733,-0.10918615421530753,-0.647661880519504,-0.5811329494029589,-0.1596823040175215,-3.0381056471932952,0.2559274277561555,0.25075378541344673,-0.8520961516492888,0.38151780976439004,-2.444285953313735,-0.24732937939384544,-2.2093415523890623
492.0,0.30259888161700377,-0.11572621993336663,-0.3038602983287594,-7.693624134120682,247.123952138027,-90.86901502154022,69386.61746361988,False,-0.18905674409307294,-0.11073448583657712,-0.6783245509315857,-0.5888301730673924,-0.14998402101262678,-3.094428435098623,0.27749133773484547,0.2491250083572131,-0.844666841805523,0.3840224134701358,-2.420926298746765,-0.28112461383332876,-2.18164955194135
502.0,0.2918474348339446,-0.09315518255210423,-0.2518448624051678,-171.24077053021165,242.20871001898323,-250.9343253208349,150956.4963250631,False,-0.19498514253243618,-0.11219338863853875,-0.7095734425926219,-0.596849514360335,-0.14179653933624314,-3.155349897054335,0.30737963244908373,0.25529161290070984,-0.8386286207362871,0.37019723178323904,-2.3748356325647086,-0.3326386982041016,-2.1749716859081496
513.0,0.5689651336183836,-0.09991425298044074,-0.6132409428053267,-304.1705648769302,264.7950979612505,-395.5167843532546,319069.70314699796,False,-0.2016226105294949,-0.11357309892519218,-0.7444149338228403,-0.6099628478324092,-0.1090598767376929,-3.1794666900505146,0.34971591889083653,0.26845647930395217,-0.8307937725524832,0.33972283155842986,-2.3003293919128303,-0.4100792674437243,-2.1797374705665438
523.0,0.5596577221793261,-0.14948469596856448,-0.7010415321403487,-256.03260161852916,427.76731302706395,-334.91479040062825,360705.4840150433,False,-0.20770281776954722,-0.11450807998631092,-0.7762825132108178,-0.6060786019080167,-0.07793633721636095,-3.19404918702738,0.39602514607872846,0.2719108853725259,-0.8164689829274913,0.32032320241686946,-2.2280613365405895,-0.49210909663625774,-2.1482479772985594
532.0,-0.10561049022624874,0.0344634845296502,0.14673268480970492,-116.79879027454166,563.8059948308669,-172.79187773044308,361376.1902264323,False,-0.21317202974193766,-0.11523571299304286,-0.8054929660217084,-0.6093018434695942,-0.0837598886655183,-3.2971625469303545,0.43858975396630795,0.26482909279063627,-0.79723478818193,0.31925111094556163,-2.1654795783167806,-0.5588648037444295,-2.0774624242194726
542.0,0.6174623693531721,0.056818046638002,-0.5244883350813568,-67.00138711247502,623.343972606934,-53.39624233388682,395898.052755769,False,-0.21929207760957953,-0.1159073890086817,-0.8385939453204034,-0.6147077305023292,-0.050575314633351943,-3.32303331260736,0.48425323522093033,0.24835810731821523,-0.7729262220271018,0.32619336291575185,-2.0982212422225235,-0.6268030334694623,-1.9745538830173073
552.0,-0.029444699475070838,0.012489273576514606,-0.04289219961416163,67.78881736080905,799.6701022469002,241.25099337594457,702269.637991625,False,-0.22542521452932113,-0.11639242426159688,-0.872322851586823,-0.6119196536058363,-0.04643173985604401,-3.4227479386465363,0.5281452433177933,0.21158353085256237,-0.7407811371666985,0.3571250736797471,-2.0427932808013245,-0.6833011788884031,-1.8143981256091688
562.0,0.678437257609887,-0.055014596795485024,-0.2419386804909386,70.53867136137922,841.0778384073219,242.16432989859896,771031.1970925992,False,-0.231568181989646,-0.11676390078699822,-0.9066997082545751,-0.6166738385232488,-0.027863565210032352,-3.4526233949321528,0.5720569882488281,0.1725268525200801,-0.7022403124132014,0.3870966687753896,-1.966175940175899,-0.7340388246127859,-1.6325399099345217
573.0,1.0709558835287512,-0.03445320820129773,-0.11587422572701377,-0.03506055276756115,611.0842678775239,-164.3635086033585,400439.346637058,False,-0.23847328367189208,-0.11690505145589529,-0.9446662578054713,-0.6387991935867113,0.0021998060476856153,-3.4503856138706506,0.6183064261169213,0.16078688575820396,-0.6647299902408182,0.38727093986657457,-1.8300221826283598,-0.7718713380073603,-1.4805782188103063
583.0,-0.14828372310991447,0.026394762232450554,0.032883814833319924,-84.13298824074019,-176.21315814937253,-358.68767764998427,166786.2869132313,False,-0.24486813301450724,-0.11690545625610597,-0.9797325095891414,-0.6401706566341276,-0.002280756263233128,-3.562864743511707,0.621025477969099,0.18277109400529387,-0.6715449478412211,0.3604850425999555,-1.8001556395630753,-0.7786521181818147,-1.5268913113724507
593.0,0.20462996315677473,0.09375186447970264,-0.03940825836336104,-72.91762462023951,-143.8889116329347,-261.6199170010017,94465.97984277966,False,-0.25130438603155275,-0.11686325434188524,-1.0157671411534896,-0.6470799463683264,0.010721138843664874,-3.6440615693179224,0.6218543470225142,0.19892742188544513,-0.6772025009302293,0.33929607225114644,-1.7809076689937746,-0.7856036287703778,-1.5656343435468059
602.0,0.41730392613256423,0.1483329426219839,-0.06005221104825927,-67.46277743154886,84.07662697908987,30.745323686984303,12565.380471577158,False,-0.2571764252448548,-0.11668390364252272,-1.048811566748291,-0.6578176570260726,0.02913457243861295,-3.6991441188097025,0.6266044772507333,0.19197975831057967,-0.6753323177013075,0.3382851787420296,-1.774338084099865,-0.7986927295457648,-1.5505266238621054
612.0,0.4655488249308284,0.05434044732924885,-0.005511844124565953,-64.15848164551565,228.51251335854786,458.88407368269776,266908.8726081261,False,-0.2638030784409649,-0.1163344870550165,-1.0860763903788815,-0.6675129819640331,0.04074874570970022,-3.7538206076004665,0.6270507178698347,0.15472158987085985,-0.6717059671022814,0.3628770047908071,-1.8157784013769172,-0.818464772159996,-1.497935851564766
622.0,0.9722805846216442,-0.32722231064850793,0.014874326462250842,-57.23446754128935,-252.69067194193025,483.39892967671994,300802.88517379755,False,-0.270456172167781,-0.11592461536616074,-1.1236023439397695,-0.6631057634075288,0.04122559190863281,-3.7513701045292143,0.5970171262053597,0.13111926552793887,-0.6930848752205041,0.38211470132080233,-1.9479905594367852,-0.8144698494914374,-1.5636820099956923
633.0,0.24569155359478045,-0.008312175676070354,-0.11237175268672532,-69.90772935921063,-318.54348308406145,-323.00097114819533,210686.6686021637,False,-0.27773553468506273,-0.11538866212116775,-1.1653241177260447,-0.660414692823761,0.056220450868781545,-3.8344069474970435,0.5879128065408393,0.1603233885189805,-0.7093055861102316,0.35431698874297063,-1.9508867193935777,-0.8043919668350799,-1.6539952368884645
643.0,0.30252170412022106,0.03420275763580084,-0.10258115677399939,-30.53105033127916,67.08831816195284,-188.14128047264325,40830.128886016326,False,-0.28435241922614934,-0.11475190877469015,-1.204020440885586,-0.66296221646443,0.07113021936246539,-3.9048576847913834,0.5982238364506669,0.16850263574155375,-0.7041329181831919,0.3434121966110364,-1.9083096845264236,-0.8135443895874718,-1.6413026988063066
653.0,0.3058411864855663,0.006441752319011586,-0.051553138745862793,2.3147334389409835,229.81370683888431,141.53620188131762,72852.19428491112,False,-0.29099983664656626,-0.1139950055775191,-1.2434154419959633,-0.6665212681019497,0.08025042083227685,-3.9741425377143895,0.6079384291248643,0.153169231756473,-0.6939804250592447,0.3540356231665315,-1.8919140035203497,-0.8261682575182764,-1.5857582430707908
664.0,1.0321444787028031,-0.20044835097086097,-0.07679183915990022,17.350712461229776,-4.7919377999899595,345.39020935048205,119618.40660596106,False,-0.29835258507327356,-0.11303146624334216,-1.2871044177742943,-0.6703420823475387,0.09493854941091112,-3.9693076039534883,0.5953337864209937,0.13137612113986605,-0.6983752250805336,0.37495338714778953,-1.9576610727845671,-0.822740767454027,-1.585461751283948
674.0,-0.04650894730649957,-0.015208293169430422,-0.003683483295199696,2.320606150486242,-178.29632756184202,2.736396959096666,31802.453503263096,False,-0.3050441277382521,-0.11209195493069436,-1.327306452913039,-0.6679664475170323,0.0929637292026098,-4.071099426175953,0.5839931547893067,0.13672849215901828,-0.7076447136897479,0.3734919996172726,-1.989853666635936,-0.8101423857118959,-1.627269199786023
683.0,0.6253344726406944,-0.05236866820587313,-0.11614062652376628,1.0061188113553499,21.824304894255338,-149.3071970786819,22769.951658672337,False,-0.31107899084723284,-0.11117744098196312,-1.3641034590427024,-0.6731142434255001,0.11026159272440537,-4.106013047121119,0.5895567749901877,0.14453780449969955,-0.7049882046294175,0.36677413140373827,-1.9628437954494171,-0.811376655065928,-1.6228155075524833
693.0,1.4014266587896715,-0.0776148288682511,-0.08402648682369265,26.69137399034976,293.67331806666357,24.713797358878253,87567.21896967216,False,-0.31793684903689107,-0.10991553434782679,-1.404995123620145,-0.6984573952140126,0.14211973478850878,-4.072319868640617,0.6063591855666757,0.13510725612529886,-0.6891022317561352,0.37311215687769367,-1.9138858209263765,-0.8254699906759252,-1.550494061649917
703.0,0.39228714235314227,-0.10583306750170432,0.009027657843969451,28.0657262165316,-94.82284302739549,229.4690272065136,62435.09099496307,False,-0.32493542193306424,-0.10848166645604895,-1.4460103730676803,-0.7012571834049482,0.14465384400966697,-4.1307300208799935,0.5927590729710279,0.12592203591908646,-0.6957244787801077,0.3856783269859323,-1.9683365381192044,-0.8149090179599346,-1.5704724169119744
713.0,0.6460669410378588,-0.07558678560176135,-0.1017925373745092,-3.781490046773019,-157.30258215936317,-142.57326609953313,45085.53822726532,False,-0.3319723691480721,-0.10693638030644129,-1.4875016684483795,-0.7061322604553265,0.16440338594304849,-4.1675290553418405,0.5879797657615602,0.13979023423619089,-0.7023303892206061,0.3761256569876663,-1.970069703329618,-0.8048904785047082,-1.6077622370569506
724.0,1.788788159716432,-0.09076305767991535,-0.1096594683605777,27.054992628790103,199.1775368268088,-148.56151351881402,62474.18710153941,False,-0.33994460311499075,-0.10485826589608929,-1.5329282464597236,-0.7433648254747824,0.21343559728571646,-4.091848764848444,0.6063085726887603,0.1442921738562688,-0.6879144994455961,0.3719453248805065,-1.901695534236806,-0.8137086815842923,-1.5534589859233745
734.0,0.4271889825407806,-0.08823813511770572,0.037541938345735215,48.33022574694456,27.289148469308316,134.77289731450512,21244.242195476716,False,-0.34741027824770765,-0.10271314939566686,-1.5741251581215254,-0.7497701999178437,0.2155877044063072,-4.147533567748659,0.6029833622847852,0.13794804820304543,-0.6864970561534677,0.3822344734548788,-1.9172116310042147,-0.807318390852274,-1.5427579632106425
744.0,1.0321854466350109,-0.13002073744590092,-0.11963377911010689,10.86355436507569,-152.5473584314027,-84.54032190148216,30535.779405048026,False,-0.35494296767243894,-0.10042193953195228,-1.615596728636384,-0.7567676841794786,0.2426542679326351,-4.1467805350638685,0.596493717412446,0.14877914525644656,-0.6930841951349662,0.37642304589166475,-1.927400797242218,-0.7963851768580823,-1.577949119191064
753.0,1.2448622029748946,-0.09614961973134421,-0.05455027935227218,33.457352412131286,100.35898583948034,-33.72816455234818,12328.90955322884,False,-0.36183409107505426,-0.09812847555727655,-1.652837452819299,-0.7745930728615793,0.2670043930588868,-4.128935950093626,0.6025880337231035,0.14932744031479409,-0.6869663366695267,0.3777118338966965,-1.9048336043154255,-0.7967813235422408,-1.5542620444778703
763.0,0.7040875126857205,-0.11761951554822267,-0.0525954418627656,20.95269850563576,-82.9827065711709,83.64055972563389,14320.888395762451,False,-0.36960262229800883,-0.09539270548455486,-1.6942731709721894,-0.7791131706160748,0.28014962098874036,-4.158207680193355,0.5945846664418516,0.14824838830568074,-0.6917000913650655,0.38215503843670584,-1.9317688286870014,-0.7884206929734655,-1.5720066006244429
773.0,1.135712290916778,-0.13573350114629182,-0.09471015075205265,5.7438924057706515,24.61950352430202,-50.79635826637824,3219.3822668784424,False,-0.377455595611391,-0.0924637550837388,-1.7358009127732559,-0.7914814925925818,0.30564046001811057,-4.14734068022251,0.5977228526562767,0.1509159614892352,-0.6895745086679113,0.3800509978616445,-1.9182425742210825,-0.7889833787656573,-1.5659383756777203
784.0,1.0270057167984958,-0.15114426135537104,-0.08542091254130268,-3.4222435122518204,10.441138737904893,4.340281521194661,139.5671724845517,False,-0.3862127171452181,-0.0889756324526148,-1.7814121155128826,-0.8007224235386147,0.3285636562609709,-4.145605272887508,0.5983432142671836,0.1501874327134567,-0.6891779460846659,0.3800827431308578,-1.917143108505715,-0.7902974390949142,-1.5637542731976373
794.0,0.9313422680468568,-0.11960783263014876,-0.07415629785205419,-11.910580488625214,-13.505039053073025,11.595108415892785,458.69454657735486,False,-0.3942643831726141,-0.08559025887714419,-1.8229097473217206,-0.8096107798747397,0.3485110579602733,-4.153921088523063,0.5973410103370718,0.14943838479371413,-0.6904368343882511,0.37966941441162033,-1.9218749042479601,-0.7914571190519848,-1.5680497842844392
804.0,1.048714660152593,-0.12266051246591403,-0.07767985530571236,-10.132220471345036,15.318269688870764,-16.55575089488262,611.4041656343269,False,-0.4024180114550793,-0.08199132987314012,-1.8644360596694698,-0.8211148748974048,0.3712747416157878,-4.151341380581514,0.5989858304969662,0.14952661492565628,-0.6897619080066377,0.37826746695397534,-1.9167827880043729,-0.7940430075098656,-1.5654599587545412
814.0,0.9820821574061469,-0.17248432427922766,-0.09350019414585142,-15.400948616312126,-18.491638623687184,18.27279971722941,913.0251267773053,False,-0.4106551714325908,-0.07818412060178231,-1.9059586137107614,-0.8263171218297217,0.3901671130324702,-4.153169427899909,0.5974904246212098,0.14832998508086956,-0.6914914938331411,0.3779456600733579,-1.9238360910880496,-0.7954772639654855,-1.571259993965384
823.0,1.014546403944513,-0.14460125638594984,-0.08443613674619554,-31.015504176642626,1.0757130352204527,1.1918059962892604,964.5390593982704,False,-0.41812788282556235,-0.07458828564411189,-1.943336316024448,-0.8342854111951602,0.40890732214168674,-4.152986641907946,0.5979014704195714,0.14687038716027775,-0.692381480135448,0.3762323843197854,-1.9254079039150922,-0.8001161639087997,-1.5735611662257516
825.0,1.0120286254005004,-0.14984686164857217,-0.08415753720693489,-34.485405412271625,5.424013403866596,-2.6039703861418833,1225.4437696259613,False,-0.4197981512817225,-0.07376640671128518,-1.9516422565645086,-0.8359830446592532,0.4129716100272602,-4.152953897985942,0.5980737464809186,0.14651081724123205,-0.6925449371787683,0.3757976638959323,-1.9255562588341864,-0.8013112701971685,-1.573912064473864
833.0,1.0019575112244512,-0.17082928269906142,-0.08304313904989237,-46.12518503358256,-2.1460104690506228,2.046308845747972,2136.32543520769,False,-0.4265083211325235,-0.07040311627685907,-1.9848660443147894,-0.8415594180615513,0.42785099859497716,-4.152993039589267,0.5984029898307576,0.1446056632820511,-0.693869534980547,0.373561417084591,-1.9283453827745058,-0.8072510097383583,-1.577638822130973
844.0,0.9959410897946925,-0.1876478123781334,-0.08032022063464375,-65.0279999328033,-0.3090752738490039,0.2491837745076637,4228.7983953390485,False,-0.43580194704222436,-0.0655937723957165,-2.0305490635113403,-0.8481907473614101,0.44657516159338445,-4.1530104506906795,0.599294514834143,0.14097137167150123,-0.6962228563180292,0.36911636539054954,-1.9328964201655632,-0.8189299450750711,-1.5842642942889418
854.0,0.9973906520515605,-0.11710042489682493,-0.08237531839167489,-86.74630755407944,2.1711120857149453,-1.4484864647363853,7531.733714994201,False,-0.4443360197390086,-0.061019521080017645,-2.0720903199286136,-0.8586237913743754,0.4682751027624401,-4.155240832936558,0.600566891863923,0.13657423929842508,-0.6988700617837913,0.36365852430444057,-1.937847370570101,-0.8332245015691553,-1.5918297344905454
864.0,1.01005952046321,-0.018203105449565615,-0.07620980177563472,-73.97291517645044,10.361543349462604,-6.468864829408167,5621.199972466279,False,-0.45300855146524366,-0.05619604097788563,-2.1136645270779524,-0.8758825560407343,0.4964209161720159,-4.15960059682422,0.6023447512399722,0.1329340881441801,-0.7005747181819214,0.3587539450755249,-1.9395949042980305,-0.8459385861059865,-1.5963678537850228
874.0,1.0115022432495997,-0.02279189768327347,-0.056704589042866085,-31.81128653473687,2.609378319085824,-1.110452120306726,1019.9999101187401,False,-0.4618582290171807,-0.051099289913560116,-2.155280677997419,-0.8940529555642194,0.5229292986787915,-4.163629587884918,0.6029828351427003,0.1314185429148448,-0.70140233972445,0.3566169162146932,-1.940753822663863,-0.8512958173369268,-1.5988301912562846
885.0,0.9963878470468012,-0.02709876516201245,-0.033348912079106105,1.5686742670528315,-7.132910484173735,5.045772351779193,78.79896955732865,False,-0.47180895419476215,-0.04520015971641577,-2.201112603877144,-0.9151698036126282,0.549639826019069,-4.169447844136553,0.6024116769446721,0.1316174127713712,-0.701794632263284,0.35673704918682103,-1.9424867281412062,-0.8505343315286921,-1.600634360551287
895.0,0.998550659708847,0.0006355518837735559,-0.004745086668744212,1.8014664630271868,4.91417843859153,-3.551492182009254,40.00752786260242,False,-0.4810764243716987,-0.03958197464104636,-2.2428375131294787,-0.9383242300288388,0.573997186920303,-4.1755340054083065,0.6029027035818525,0.13195762433223987,-0.7014002212737703,0.3565574918458318,-1.9402819569651495,-0.8505620352795392,-1.5992284237782404
904.0,1.0088342757632345,0.03587245818676631,0.032491886732751954,-0.7128742369935241,5.324530711988439,-3.6634187962781875,42.27945425760154,False,-0.48963528133773015,-0.03431624850000529,-2.280443019637333,-0.9636439867872973,0.5961641798000569,-4.1812452196396075,0.6034037381922102,0.13213575861445132,-0.7010837167371173,0.35626632195187896,-1.9383447096644415,-0.8509727216230865,-1.598037340705019
914.0,0.9999200804882273,0.004018668708727734,-0.012629962140515635,0.2240310664495926,-5.911955006656344,4.018635914199128,51.15083653035461,False,-0.4993844597358701,-0.028229122430487058,-2.322285387659699,-0.9861916937254748,0.6212610352985546,-4.1872283854246435,0.603012660059294,0.13226782032180986,-0.7013980954943463,0.3562606730365225,-1.9395903592548853,-0.85057567627705,-1.5994684588755694
924.0,0.9986657384494764,-0.004623930832037602,-0.018570838457342406,0.12948619028826075,0.3079742055407737,-0.11971792965961178,0.12594716743582215,False,-0.5093546002183145,-0.021892541958752447,-2.3641867001174957,-1.0078364037745131,0.6460550602154712,-4.193034106701808,0.6031275627013084,0.1324503368090823,-0.7013435819114184,0.35610564654439464,-1.9389871119109212,-0.8505854518200068,-1.5993833720467685
935.0,1.0078448295183218,0.022167912339354518,0.026909740268768273,-0.10516681436766762,4.1468890443815445,-2.7313365176425966,24.66794797786391,False,-0.5206028974885154,-0.01464129519529251,-2.4103458812132255,-1.0373085555694337,0.6723534429595028,-4.1995442747996785,0.603640556256321,0.13271540043719,-0.7010072912279098,0.3557997737136211,-1.9368840207466538,-0.8508978127393114,-1.5981757076267493
945.0,1.0854808385138222,0.4377279067254216,0.1835292346013971,-25.19934714244736,-12.90253943660961,12.296644855570051,952.6900950228535,False,-0.5313014997593853,-0.00769467256292408,-2.4524052647787893,-1.1024119007619901,0.7169710839972588,-4.212332439062472,0.6029968053967432,0.13137404933403213,-0.7024759142288993,0.3544901998238787,-1.9420246735542162,-0.8541910758252685,-1.6034790091481639
955.0,0.8488761531838024,0.8290361790403784,-0.18477385621891784,-300.37848246508133,-25.876296830958125,53.25298140826398,93732.69549457794,False,-0.5426053893180642,-7.390505428509815e-05,-2.494763716319019,-1.1583660125050173,0.8071824153225903,-4.259357868864613,0.6031762493134631,0.1135096682088763,-0.7134776418502922,0.33799944092705264,-1.9792746424455638,-0.9010402688761339,-1.6415220771464045
965.0,1.0401862226973588,0.1662969893135422,-0.37589757272444313,-636.9938399396333,26.407404969824086,-23.515462420585024,407011.4801311334,False,-0.5542167855330525,0.008298321076307987,-2.5373895880829345,-1.163913229656543,0.8672628101445765,-4.265816482129532,0.6108947869058493,0.08073341413993369,-0.729615878869729,0.2965642333015224,-2.035285697321335,-1.00386281130996,-1.716012890141365
974.0,1.0528872782094898,0.5306670691504423,-0.6276775750423308,-609.4123023997126,12.2367243266022,-10.134834153271413,371635.80660167837,False,-0.5646835113387845,0.016509497006511848,-2.575837368311355,-1.162025838777535,0.9574429476588524,-4.278134676772377,0.6149769815608614,0.05195072790939977,-0.7424347434141674,0.26056685474464075,-2.1105381778229564,-1.0888344866059299,-1.8055510650719144
984.0,0.9894198939733542,0.6163622023574377,-0.44024914961227213,-367.82443101387184,-33.86362200270847,35.42270281631638,137696.32482063395,False,-0.5763482436682398,0.026559011430374844,-2.618727279905369,-1.1709206270111032,1.0524599406457098,-4.299847646295969,0.6133568362705203,0.03100109658528857,-0.7524866686226226,0.23789942613624565,-2.1986062203749634,-1.1392867090933632,-1.8979315812526856
995.0,0.9928048734178034,0.404277039484437,-0.25740075826265724,-188.76949520968589,-2.01430842665134,4.961356541473982,35662.59481888893,False,-0.589315577058388,0.03855336154068463,-2.666122751657029,-1.1867763523297146,1.1283309913192503,-4.317510857551222,0.6136444807726544,0.019933784951551077,-0.756863864322389,0.2240539808120912,-2.2494485308743273,-1.1679737884262396,-1.9537470425800616
1005.0,1.0219203486699862,0.12554493622912166,-0.29304544249804554,-82.61825809723264,8.463122618722963,-3.7134231268160764,6911.19052679926,False,-0.6011932506599799,0.05006699441824394,-2.709316598067177,-1.188758366038952,1.1743955838251656,-4.3212584239299705,0.6144248832984548,0.015783043369777077,-0.7580533091178071,0.21814705787887761,-2.267821443385623,-1.1801091452253032,-1.9750424393013566
1015.0,1.0022591510900078,-0.04421473411603507,-0.1525299351260021,16.664377611718475,6.920845651665696,-4.902703785554682,349.6360901290161,False,-0.6131255045103455,0.061937553906779144,-2.7525403886662434,-1.1976924020945585,1.1997163146033596,-4.323499696201936,0.6150013047333388,0.017000887605882156,-0.757359028245434,0.21884164898856712,-2.259897238080343,-1.1787066667082708,-1.9678398201580576
1025.0,0.9662539392892028,0.09482794103712575,0.017657168149289207,70.76844442745708,12.383183025324652,-9.366818290835715,5249.253233414305,False,-0.6252393055470412,0.07408906731779862,-2.795836577521292,-1.225067803350056,1.2305863651839795,-4.335738073986293,0.6160188988210276,0.02138526222178566,-0.7552544558302642,0.22283198559355372,-2.2348244531780077,-1.1705663065473595,-1.9431013485905828
1036.0,1.1276124985783638,-0.15497112763523302,-0.2661275453295576,73.21645050475149,4.206674357845209,-5.277907075152314,5406.20103676162,False,-0.6387020681044563,0.08776219890559628,-2.84344316909634,-1.2227072082977917,1.255437560100468,-4.32000584921729,0.6162683941291482,0.026108761881666463,-0.7534518890250224,0.22768805387000962,-2.212455219284191,-1.1599117538910897,-1.9202165515024572
1046.0,1.763142583878634,-0.7177784722734913,-0.4940734196955938,166.98324633913964,128.28505834821195,-135.83085273813987,62790.48130893217,False,-0.6508010619552259,0.10030110955462328,-2.8861777167992404,-1.1970915633016928,1.2523445685625167,-4.2269036910986095,0.6267982099799052,0.041415628154534874,-0.7428062861798551,0.2316194528148345,-2.1105606149247707,-1.148119023723659,-1.8345758193761423
1055.0,1.199963461928602,-0.5154929200367583,-0.18640452571265068,138.62963728388053,228.17006215774884,-414.1523049024668,242801.8852545571,False,-0.661535782478874,0.11152850327524573,-2.9240963060877783,-1.188401887339896,1.242631815913964,-4.199449483966649,0.6466692912036249,0.06814192743981293,-0.7271833009288686,0.21995443252906524,-1.9533674040027251,-1.1445351075656278,-1.733257779926926
1065.0,0.9713015673514928,-0.33870415848689733,-0.24209325220186223,66.14651350886854,228.7517998623292,-628.9947200831205,452337.1050820771,False,-0.6733214917184882,0.12394307254695273,-2.9660725004612907,-1.168739962748996,1.2402820396950223,-4.195789390372331,0.671627797476944,0.1071598071870979,-0.7081192409608104,0.18973670694143183,-1.7528705915515228,-1.1445420073780808,-1.6333145951709482
1075.0,1.0270490204157614,-0.11793000217665506,-0.20885424664717547,26.384670216432767,272.5153450461942,-697.6458839908955,561670.5435575142,False,-0.6849298077449777,0.13638775341779594,-3.008011369371418,-1.1529232438044985,1.2486541357349674,-4.191984391267046,0.698220404894732,0.1470078198836456,-0.6837868677351941,0.1526842709468995,-1.5267796631346044,-1.143226960193641,-1.5185649174468032
1085.0,1.0690911527381908,0.10382237201462031,-0.22482373016057375,-33.38474398637658,386.22559854334224,-723.8386373756224,674227.1270589967,False,-0.6963702202082953,0.14897269192436194,-3.049900016732324,-1.1351592465556368,1.2683335652681544,-4.18574508137315,0.7294077637920487,0.18263705461410232,-0.6498041323500636,0.11118727437323479,-1.2544663229796784,-1.136890334066759,-1.3579833615362682
1096.0,1.1039057008720927,0.28963654248627296,-0.31228074905317693,-7.379313155893044,453.26361976745187,-783.7807169075693,819814.5754634892,False,-0.7086718052756326,0.16310746497842432,-3.09588453713342,-1.1014925800910396,1.3016251688605214,-4.175076810190514,0.7631827630029039,0.22551924781231314,-0.6022187133039754,0.06344888074604937,-0.9444263079590508,-1.0986363722030066,-1.1807166484007119
1106.0,1.1909607834578235,0.6132981283595388,-0.05614896669706157,95.68237241647455,444.456078666478,-850.5915759208647,930202.3512823675,False,-0.7196172996047853,0.1763010048361844,-3.137496320372594,-1.0876062858067086,1.3370828002818216,-4.147279837079523,0.7865300082979932,0.27337681086809035,-0.5533712373003518,0.02039458396312566,-0.7133146156257569,-1.0339686240922108,-1.0865344076901542
1116.0,1.3629800979574564,1.2454427455106396,0.3232394083796136,194.85522717829042,370.87832574585826,-835.6434695678557,873819.3002981578,False,-0.730575493738116,0.18993831996015403,-3.1785835415852026,-1.1040325425191542,1.3903802255845443,-4.070164405395859,0.7986041700808831,0.325594014146203,-0.5058328574068219,-0.018789301456826935,-0.550679756152112,-0.9616833232425204,-1.0669191033487078
1125.0,1.1272399709921903,1.100325580799519,0.5566529572294214,263.5871254491162,204.18321889921145,-693.3454734375222,591896.9051188731,False,-0.740605694945085,0.2025241389464639,-3.2149592243418934,-1.1249010589103667,1.4064684376806382,-4.013320651560664,0.797512744610403,0.3693556681572561,-0.4747441747990829,-0.046559435976257,-0.46948142324099984,-0.9134607739518008,-1.101400603299535
1135.0,0.8795482128109365,0.827798116186102,0.5663941696337269,158.2971228451392,196.58800936831756,-614.8556388375594,441752.2811387901,False,-0.7519517934047225,0.21654758684512826,-3.2549371432477945,-1.1443186322658634,1.3982211411162329,-3.982263129466168,0.7967836176051406,0.40589583932837436,-0.4410853446608542,-0.07634234118361248,-0.37577924090610915,-0.8708445156124108,-1.1187470177914411
1145.0,1.0087886382544127,1.1416816402701992,0.5166249462385426,45.95952046351931,257.27287435290026,-635.3919456186745,472024.53395612445,False,-0.763424685863585,0.23051453010072306,-3.2944619026435724,-1.1502598591062954,1.3951675092291516,-3.9226887497160665,0.7994096647828167,0.4344520065280667,-0.4002760121625536,-0.10942922810110936,-0.2577733817134639,-0.825744140951432,-1.1090511312902427
1156.0,1.1378985729750755,1.182495605508083,0.5980947941118527,17.927822688034098,287.14270343845664,-707.1662486289645,582856.4421642415,False,-0.7760170061627863,0.24571293053547907,-3.3371808023627314,-1.1392529214222462,1.3681780225610967,-3.844383926574811,0.8001736311279996,0.46464666689519996,-0.34809305457556067,-0.15052195968319357,-0.11542941960711033,-0.771133887146453,-1.0990826326831726
1166.0,1.2418437993205775,0.9097267919159413,0.3707745104922452,-8.844382955043159,308.5963540596342,-763.2824652949703,677910.054675522,False,-0.7871392347328591,0.2591680927076908,-3.3754231858994674,-1.085192800645505,1.3228544183634507,-3.8040927787861136,0.797875181596365,0.48985133698023053,-0.2949942264353757,-0.1908383311105053,0.020609652220499985,-0.7177639732582166,-1.0934885248736523
1176.0,1.224064556573959,0.6827207736347878,0.21041291395479012,-15.419165686457973,324.93339932450533,-752.0766307941036,671438.7232536554,False,-0.7976016657429058,0.27212099139325524,-3.4134490559177193,-1.0072934120706567,1.2677253265530282,-3.8010812172182344,0.7924350657465569,0.5120688384164963,-0.23979231811348176,-0.22876148161741083,0.1487978829478356,-0.6615276086281047,-1.0962163421882452
1186.0,0.8619247789452908,0.7705241924050356,0.3364621755820636,-32.65113584268852,360.49028212081276,-683.1285767519918,597683.9925505628,False,-0.8074018703502679,0.2845654930178997,-3.4514810493180845,-0.9527475150818582,1.2211750027187558,-3.805317455559658,0.7861420461249413,0.5299272277346927,-0.18367716558297276,-0.25965460801479934,0.26161324656903456,-0.5992081794381359,-1.1050103944432104
1195.0,0.6048566691993554,1.0100072842556078,0.3608314633689612,-69.76523193470643,370.5835892505954,-610.1079469457331,514431.091135095,False,-0.8157800531464192,0.2954271999211653,-3.485697152173265,-0.9090708832947397,1.1925376425859375,-3.7982609571223014,0.7807908775474312,0.5410527342964688,-0.13405935177464834,-0.28223329791289375,0.3520918656378096,-0.5407169957456326,-1.1134427058368117
1197.0,0.5968473268011292,1.0490156670654107,0.2578081478098666,-78.01280884404378,372.8265463905472,-593.8811403221201,497780.4408675419,False,-0.8175852896680558,0.29780677724145926,-3.493293557174676,-0.8961656408438503,1.1870396791114963,-3.798144042544555,0.7794183161937718,0.5431731451844917,-0.1229945645326441,-0.2869535847963538,0.3715602892525281,-0.5275979686096917,-1.1158390989716875
1205.0,0.5648099572082237,1.2050491983046214,-0.15428511442651174,-90.84646522533626,308.4456130652902,-526.7722820987894,380880.8136507276,False,-0.8244688204268724,0.30733045555051675,-3.5236852885828767,-0.8247170489644791,1.19387989815048,-3.7997888094368695,0.7742091870024788,0.5485471759285072,-0.08464244807840468,-0.3041903787517198,0.4412698155244683,-0.48339456174602796,-1.1223822100193372
1216.0,0.36014063243888317,0.9929817090419115,-0.9014426311064547,6.930964319219385,216.07671230240717,-442.8384661290577,242843.0909493481,False,-0.8328980520927157,0.3208950905400656,-3.565794243294451,-0.7078705265508712,1.2724173724611083,-3.856384774553633,0.7615311846155166,0.5589360575320496,-0.04593942034644415,-0.32488506907343384,0.5144048335284926,-0.4479831253236266,-1.1466168732492676
1226.0,-0.1052048243079022,0.4797988408666149,-0.3411083704964367,122.18988989625151,250.90522485131748,-386.9550271890168,227617.99411740096,False,-0.8398404131987005,0.33382350228876206,-3.604688156213951,-0.6806016996615778,1.3132649805180097,-3.922397803546807,0.7446515335349012,0.5757272612132137,-0.014011336829009713,-0.3373957568498984,0.5622161487711708,-0.4217557690004791,-1.1928416653535736
1236.0,-0.5815168836884358,0.46848059566379807,0.6789125866131365,75.8096795520994,404.3106703709767,-442.0296188020643,364604.4095879189,False,-0.8468911732961093,0.3468468383162812,-3.6439864534702693,-0.7295503208374462,1.2914022236999347,-3.93726164535707,0.7274295102860862,0.5920033879384631,0.03244417338340866,-0.345435481454633,0.6190775157705246,-0.37019395247527986,-1.246610273847671
1247.0,-0.5508705632977269,0.6441328202445658,0.701480275279018,-56.08212807415606,478.4319738762056,-549.9758288540013,534515.771040054,False,-0.8551082736437117,0.36085919658420246,-3.6872963563366166,-0.7644679220840107,1.2562992814936074,-3.9372661468214893,0.7093192120775184,0.6004686397159716,0.09886254509147552,-0.3557103671154594,0.7085253637664538,-0.29102642041001214,-1.296665168838019
1257.0,-0.278658194060593,0.563560066067146,-0.07666585536284966,-158.6126746587472,388.12155771195455,-541.0536303615047,468535.35505051946,False,-0.8626692746401006,0.37351674835610166,-3.726875679702422,-0.7477322805801817,1.2752110751932912,-3.978598526581821,0.6961556306096435,0.5972000738060381,0.1557854403474281,-0.36667466014480743,0.7955737640519005,-0.22289553064315673,-1.324094203512537
1267.0,-0.35078463799023757,0.280922861264054,-0.5000680898020439,-191.29727024279802,273.1202296213681,-453.10170456412595,316490.46010969137,False,-0.8701138326472974,0.3865591117408233,-3.7669990791929204,-0.7411793230290151,1.3332615983803033,-4.0460813696790305,0.6867357797915296,0.5878895226881009,0.20198081401639809,-0.37680715045889207,0.871962174377541,-0.16639380721994088,-1.3383477249010773
1276.0,-0.5320173517176895,0.10747481219894964,-0.4062295139748676,-220.8152011817564,216.02603934938134,-372.27073836529894,234012.10539296488,False,-0.8768595786603414,0.39877360665300987,-3.8036675176790253,-0.7578753451456677,1.3810706027875965,-4.102460513462529,0.6816982040809916,0.5762726369623982,0.23743054189648052,-0.3831763878632116,0.9300729061662475,-0.11819116649493756,-1.3442223757365186
1286.0,-0.8130354183264342,0.173689635371353,-0.1405731905951193,-270.4301317918982,150.11651612486924,-299.11977461520235,185140.064160301,False,-0.8845991073475499,0.41275383500897544,-3.8448413568166364,-0.7900303917057451,1.4149750676996782,-4.132307312729298,0.6814765419731236,0.558674429490937,0.27054019653781003,-0.3876604269597463,0.983387691888993,-0.06446297697715637,-1.3388633309699047
1296.0,-0.9563009095911261,0.13443631443245627,-0.19847352191990186,-320.209802532254,0.7669432376614793,-249.1794524885811,164625.30538218393,False,-0.8926977870252439,0.42710913687937335,-3.886264745644495,-0.8297055463355852,1.4560853070212652,-4.152370454298181,0.6879698579935168,0.5335046413641619,0.2936816095951699,-0.3947421744897139,1.0286976155137495,-0.01710620823219326,-1.309549152059515
1307.0,-0.9234311586125724,0.0041348494196310785,-0.5003958319463758,-292.0039380135241,-209.38495154407852,-229.73102303539264,181884.70069341024,False,-0.902100089947236,0.44353916599967197,-3.932157481994861,-0.8798040743018622,1.5311927089035111,-4.19176342379159,0.6991580678734864,0.499583741472838,0.3028650509256286,-0.4121490535124766,1.0737351079684971,0.011695421887081368,-1.2478105076154744
1317.0,-0.8989614078400566,-0.017721323162872338,-0.5704623316355254,-217.2909208693071,-447.76478422886555,-195.60895055758658,285971.50782599434,False,-0.9111192857844975,0.4592357053097085,-3.9742900031021966,-0.9240350966366235,1.6081151565424228,-4.234740803708765,0.7123479571860009,0.46473731533012674,0.29193733885588463,-0.43743823085599415,1.1075437467213447,0.00933433140812226,-1.1618955606011674
1327.0,-1.098806702808917,-0.11006324804214711,-0.5488859507825945,-120.33414922933221,-684.8599135643803,-115.17043068994042,496777.6367834641,False,-0.9206512725686626,0.47574352077292953,-4.016813606071577,-0.9823622633635085,1.6934479286122202,-4.269979781517693,0.7286226182314962,0.42750747051427285,0.2585352722914763,-0.4685146271325366,1.1291498144564003,-0.02383997043826567,-1.046116302260167
1337.0,-1.8347126865357355,-0.44997805699808296,-0.5437659588522933,-9.310330625719075,-773.9952736668715,-43.63006227718867,601058.9482493269,False,-0.931052562082861,0.4932811243571036,-4.059521968396793,-1.0978956332484862,1.8140727887715382,-4.271692678338462,0.7426983973333873,0.393423811582625,0.2113110266388191,-0.4989633704983417,1.1438957320549852,-0.07880897365542269,-0.9235370128805787
1346.0,-1.7489111188323456,-0.5550541692207519,0.5626728497391017,-81.45532164667725,-458.89115347700886,43.77029696480764,219131.8990604108,False,-0.9414381477123301,0.5097870065887009,-4.0978215915008445,-1.2100122834204723,1.8539010467209565,-4.239334686068866,0.7539153965861254,0.37102498640539494,0.18665621999189957,-0.5090299497982388,1.143931127860067,-0.0964290365514929,-0.8525610050858036
1356.0,-1.1051319026287525,-0.39067764990129733,1.112652299401645,-197.11509588476923,-143.02833236402242,143.9901025165788,80044.6145072299,False,-0.9539878190383503,0.5282183997748083,-4.14006144135008,-1.2999219772939594,1.8323775920843484,-4.208635280005555,0.768767846543574,0.3536014503521772,0.1816042631527729,-0.5009809417875407,1.122646621068839,-0.07514283363898679,-0.814946439126685
1367.0,-0.8333343612524676,-0.2827804343079531,0.7462366431620308,-206.63563889439814,-23.779224934917295,240.3785921074869,101045.60634337906,False,-0.9686847434020422,0.5483290031022233,-4.1863943851114005,-1.3722460850198235,1.8240957438123633,-4.215536309573571,0.7873460723239138,0.3408549445576676,0.1819712971913129,-0.48040661544696345,1.0785709389417877,-0.040960621114444,-0.7925978923316367
1377.0,-1.063210854353027,-0.28516633834736477,0.4502642693007307,-211.88511288068014,70.44849696966477,275.31603684577834,125657.21193020942,False,-0.9827856660082543,0.5666998172433926,-4.228615733257036,-1.4479384422422807,1.8500670848763396,-4.228733323707897,0.8035665715390223,0.33327688733342387,0.18790383934156485,-0.4559598980558103,1.031436972447645,-0.0019353044364527428,-0.7852116532081783
1387.0,-1.3674459647902932,-0.28081893391467433,0.3483868912378172,-196.82190904937653,127.14859100389855,225.5979725794798,105800.07330808944,False,-0.9977280467079138,0.5854373045196045,-4.270916483777391,-1.5405377007564696,1.8974303713861964,-4.23141678409946,0.8156975742836076,0.32799311872253994,0.19852721406023763,-0.4331800164550309,0.9928379196636169,0.039726653401513115,-0.7861536014134748
1397.0,-1.212732471636322,-0.2694114735734313,0.303225188878849,-167.41375653963524,94.59699769030614,155.73529329961042,61229.43942984773,False,-1.0135628303602968,0.6045952248680131,-4.313302439621747,-1.6264190330776087,1.9341536992799364,-4.245774389069602,0.8243901939114767,0.32214936406424927,0.20759982240516117,-0.4165368040797156,0.9662931061198717,0.07397984631330516,-0.7838774604780863
1408.0,-1.099968921594678,-0.319002571245938,0.33366049646410867,-139.33881901297258,54.15179465633148,111.89529388200181,34868.28014137097,False,-1.0319641828307198,0.6260081815569062,-4.360128764737717,-1.719281421068158,1.9591111525738552,-4.268102909883705,0.8317925237527828,0.3152394738813571,0.21458124240207072,-0.4033610813466829,0.9451717080651328,0.10284467885096506,-0.7771358452679222
1418.0,-1.167251767596527,-0.39223921768122777,0.3181393015256898,-113.36489615075985,46.16936230470152,113.68731048178715,27908.01425947763,False,-1.0496296170460084,0.6457056236998543,-4.402907243455795,-1.8138054209881518,1.9803772749804722,-4.287592832816108,0.837819698807719,0.310521213023794,0.21929999086344973,-0.391844666365724,0.9255684061706806,0.12443643158975203,-0.7720122965887165
1427.0,-1.1677814603051415,-0.3562674584452163,0.25660166739290935,-85.7492347500546,47.46386751830153,152.27344934829523,32792.95335644268,False,-1.066330289937531,0.6636291144906113,-4.441586324308264,-1.8974552165457788,2.0026206804269697,-4.307758462384769,0.8435734841424443,0.30878135925556655,0.22176119978575884,-0.37928856995385846,0.9020247677554512,0.14036976825877406,-0.7698512151495635
1437.0,-1.1805666024313244,-0.23209760425782053,0.21813240106344509,-53.49530349846294,36.66508916883788,208.45270968332437,47658.60843447181,False,-1.0857338172312216,0.6838134545838794,-4.484766205466321,-1.9832502397144365,2.034247338359324,-4.328217766144264,0.8508906276875705,0.30991469143304373,0.22110163057600887,-0.36201117759544876,0.8663167570476719,0.1524715246356219,-0.769197527210493
1447.0,-1.3002128621067437,-0.08263163968938621,0.23776574598686148,-18.760400634597694,18.975895478496867,257.74717127544125,67145.64154167309,False,-1.1059873741495798,0.7043591233460009,-4.528087884913955,-2.067461147654402,2.0748864134145855,-4.33611812722237,0.8587896672428905,0.3139647243221543,0.2165786987612065,-0.3420528125320145,0.8221462582725353,0.15786089742664627,-0.7699191252955122
1457.0,-1.4161658369560313,0.06150524110646718,0.28175016402537645,15.21311087862098,2.2268808015900987,275.70542657311205,76249.8799825714,False,-1.1270853508771719,0.7253437775864728,-4.571422184529794,-2.1521341969700543,2.1220444368758096,-4.330741796210482,0.8661439464634014,0.32028668627541756,0.20915358008018942,-0.3216611299786728,0.7750962275943385,0.156909737895677,-0.7725398319534857
1468.0,-1.4225801391749473,0.1861134996525196,0.337795296435186,47.577250980636926,-15.651040688863382,253.76019018088027,66902.7840061555,False,-1.1512468761475538,0.7489703319936307,-4.618985742790399,-2.2408703986454386,2.173692731018987,-4.317177889740057,0.8723692073538257,0.32877708815831747,0.19906929209639046,-0.3020745095290853,0.7279440234374688,0.14924693958204202,-0.7777780591684916
1478.0,-1.4082821513299397,0.3109042970877602,0.41370140211510487,66.09537330610915,-34.67217421201793,220.6300387989813,54248.37205750244,False,-1.174035022265494,0.7709317911975236,-4.662058789689333,-2.316758820492482,2.2185991131400558,-4.297431488203604,0.8765598408012041,0.3366950804857884,0.18874170979361846,-0.2874992787041696,0.6907954759351546,0.13772258364755727,-0.7830902344536212
1488.0,-1.4063394354710328,0.44093478548209,0.4769796741114344,53.140910327477826,-44.23210247962105,190.91397193900264,41228.57992172702,False,-1.1975606259579383,0.7933457881477289,-4.70489337576299,-2.388361910085414,2.2642002767496296,-4.269485721302841,0.8802346750968031,0.3428002304992957,0.17878114423122474,-0.27515853829061754,0.6584150772198735,0.12642642750620023,-0.7859862247587268
1497.0,-1.344692712730121,0.5208812009601204,0.46950654026834726,27.87299050699643,-37.5808741227587,150.57662022560106,24862.544258198635,False,-1.2193259499997582,0.8139129494533311,-4.743211812744436,-2.4483767595271564,2.306280012446399,-4.24572249280516,0.88308075365911,0.34607355997922773,0.17181810414989615,-0.26623300450263016,0.6352309455922515,0.11947011339084249,-0.7863139173993938
1507.0,-1.273690602023824,0.5476482707328338,0.429771753564512,17.227729670372312,-29.74287434087333,116.36166247012794,14721.469736464389,False,-1.2441256355302839,0.8372132793093964,-4.7855673573660535,-2.5115603417945596,2.353785957310139,-4.225386428392368,0.8855108633262385,0.34854413710998694,0.16597625314874406,-0.2585331290341306,0.6154346588207508,0.113973730812983,-0.7862253466450829
1518.0,-1.2957825271405048,0.5428602790725626,0.3934389143441289,16.178967462287908,-45.87119603967568,103.84418747626717,13149.54088686225,False,-1.2721653235458168,0.8634047293021432,-4.831940315465277,-2.5865647489414756,2.4082958585408876,-4.206060496719531,0.8880354068603111,0.3505526435191656,0.1586753135462898,-0.2516507602912278,0.5959840203010224,0.1055809632294553,-0.7844011539422792
1528.0,-1.3013903516658256,0.5445912942492444,0.3945410595177986,10.26373383850666,-73.07167489854811,91.1928519620574,13760.950153760528,False,-1.2983868083374457,0.8877336719529976,-4.8739177093079356,-2.657732218913208,2.4574926716709236,-4.189418277493394,0.8905337526543909,0.3511018174458902,0.15040331092749823,-0.2470951096876001,0.5801542877308465,0.09450798989779381,-0.7793260919480841
1538.0,-1.2494010500198653,0.5484391109806682,0.4189155126210079,5.2726421844650915,-101.37406899837849,70.48356294632961,15272.435266502613,False,-1.3253082106201821,0.9125396500723932,-4.9157381461097405,-2.726548229100856,2.5037029526954644,-4.1746690777459285,0.8930205620434524,0.3503437150169739,0.14065639854865672,-0.24492720278283384,0.5677216209386113,0.07968500244620103,-0.770983034383792
1548.0,-1.154266400632313,0.5391893271521129,0.43388756541880136,5.813796361272836,-123.27663373494839,50.6751129556428,17798.89572621812,False,-1.352890832009232,0.9377885362707795,-4.957436519525821,-2.7899760554268234,2.546074287560417,-4.165005609826512,0.8952343374556921,0.34887511193165954,0.1297742739408926,-0.24494953590087556,0.558749309710911,0.06148190532367003,-0.760838618524418
1559.0,-1.0461583927419624,0.5051066606195626,0.4215139229606555,8.405865530510482,-133.5236122188307,40.382512286709584,19529.96089386795,False,-1.3839320548931937,0.9660301013986857,-5.003245650421617,-2.8538826449557226,2.5887557340188017,-4.163927276225875,0.897315051280542,0.34707220135812494,0.11723699489704734,-0.24621550076575896,0.5511339091539837,0.03949819789643842,-0.7493029886301773
1567.0,-0.9770600260226723,0.4762941144013431,0.3917786954367457,9.459188622472524,-137.37016935126707,43.01154933858501,20810.033053496838,False,-1.4069411228626392,0.9868623781767831,-5.03657955924849,-2.8983843452854106,2.6193134613924767,-4.169549929622423,0.8988132603768958,0.345718807617041,0.1076916725065717,-0.24701362857794557,0.5452537749398078,0.022796866814319076,-0.7407631404095564
1569.0,-0.9749689562711288,0.4735517420948849,0.3872308078082215,9.722519395463024,-138.33180863437616,43.66880860155386,21137.181508131966,False,-1.412749251807821,0.9921088851602956,-5.044920423869949,-2.909744600438113,2.6271935227925267,-4.171314692459792,0.8991942706538755,0.3453610591338897,0.10523297711773083,-0.24718702025814823,0.5437090119901785,0.018513295504758172,-0.7385726781635196
1578.0,-0.9655591423891826,0.4612110667158225,0.3667653134798625,10.827211711160302,-148.72285539313188,59.118781311594354,25730.746533492824,False,-1.439167724031866,1.015915328817703,-5.0825094556566865,-2.961027004915746,2.663127289948636,-4.181803482370252,0.901088619843306,0.34381199998445316,0.09327232731088624,-0.24725064370712388,0.5348671114461786,-0.0019222124322307201,-0.7284779589177542
1588.0,-0.9245989303148193,0.4479721599440934,0.3584048510414318,17.773577310019192,-162.21461035017163,69.56287956089838,31468.47407425729,False,-1.4690565063547016,1.0427434799235364,-5.1244074631835455,-3.0167294597686385,2.7025029312185547,-4.197798023078956,0.9031253887155904,0.342380300412188,0.0785002035372261,-0.24693719888179563,0.5235649721189999,-0.02730520388715367,-0.7174149214734553
1598.0,-0.8638524603306417,0.4460332861787586,0.37816598635269194,34.418725928984514,-174.92348005171647,70.92304553247202,36812.9509555789,False,-1.4994863464824029,1.0699536278388238,-5.166477684263164,-3.0692385687350514,2.739526651809779,-4.216246194835914,0.9045618656130437,0.34190618353436725,0.06230685772479999,-0.24695313000663655,0.5122597918452862,-0.05617833464768068,-0.7080455178414665
1608.0,-0.8042719275703588,0.4751763314519562,0.4129067780633041,57.805924103945515,-187.0388596683957,73.28441759484224,43695.66574978015,False,-1.5304193605214718,1.0975269788326434,-5.208728958856426,-3.117364243608609,2.7751435462934753,-4.234008726489532,0.9051565709969783,0.34292990402665546,0.04454587823775032,-0.24719694099500644,0.500605103014817,-0.0890179771810227,-0.7015326034148794
1619.0,-0.7188834032301793,0.5090331197268612,0.44312413843066867,82.05795179221292,-194.12501767626236,82.92797802143666,51295.0794788662,False,-1.5649621431891905,1.1282565240697027,-5.255408817204815,-3.163141691549375,2.8120464972751193,-4.253238243508711,0.904898384603058,0.34591609601627615,0.023495126809885015,-0.24687840544653164,0.485795393165059,-0.12863145423203481,-0.6983443942649125
1629.0,-0.6248267811175541,0.5419119537993815,0.46185604335845576,100.61142305357168,-194.68330999569608,105.93071878516787,59245.56682208739,False,-1.5967683149216838,1.1565342859354035,-5.298030923804512,-3.198092659667703,2.843505874448037,-4.271183078296678,0.9042310328347073,0.34996900916889584,0.00312974024361158,-0.2447000952309324,0.4678281206653275,-0.16638147207775833,-0.6988286084219889
1639.0,-0.5856766344698116,0.5841354876889652,0.4845043877302828,120.56484713381732,-196.46165697298758,140.67985544555194,72923.88675315396,False,-1.628914043031911,1.1851270900129551,-5.340822093402078,-3.231052965259805,2.8750549385571107,-4.287050841502653,0.9032548099930041,0.3553953441269041,-0.018878897828853537,-0.23972585345387612,0.44306240105294564,-0.20595269604665745,-0.7031703630415529
1648.0,-0.5629240194341177,0.6350699330836226,0.5287169180087464,142.90546301503687,-197.34831958470107,180.67942035015693,92013.3835405161,False,-1.6581283815834373,1.2111290561373165,-5.379451249345803,-3.2610222658056722,2.9031597569173284,-4.297206034247967,0.902045884311035,0.3615764550533994,-0.04031799401031267,-0.23227171396346258,0.41336581177369,-0.24309247869706888,-0.7112491148340182
1658.0,-0.5309440664616485,0.6760818359267077,0.5423043688374097,167.07495286145848,-205.27127248502504,229.7355280071789,122828.74801001725,False,-1.6909048193515785,1.240317968696627,-5.422470894263244,-3.2942652893855957,2.9346227570256733,-4.306722950591169,0.9002046884259245,0.3697477440512572,-0.06672958785417382,-0.2201483291097216,0.3701921810883717,-0.2868572237368157,-0.7253875841821452
1668.0,-0.4810333606358879,0.6809595427621469,0.5091145663539848,192.0417247831082,-220.65786351921705,294.00814371336116,172010.70536031292,False,-1.7240131962152905,1.2698207634042233,-5.465607177718415,-3.327410086095712,2.965936184061124,-4.320533741361624,0.8977063114742395,0.37880835077945374,-0.09681205707819039,-0.2031133607701748,0.3134606367910166,-0.3338677637292232,-0.7453659692729502
1679.0,-0.3919450333726466,0.660221367709809,0.45666017162888484,213.61724364080598,-240.4513806322799,373.95910336859026,243294.604220905,False,-1.760798438506566,1.3026213395158326,-5.513261115780443,-3.3608157814044395,2.997804924777476,-4.343818631214707,0.893912806604264,0.3888427773996981,-0.13470083618477027,-0.17769882775105877,0.2321885448405844,-0.3887320987550543,-0.774697839118028
1689.0,-0.26137765884632214,0.6059009110326437,0.3692851744210015,233.61087684264155,-267.24467018206894,470.9247555515417,347763.88091118995,False,-1.7945274194841392,1.3327248529844842,-5.556862340036103,-3.3849804097510425,3.0228977675044133,-4.376426217567784,0.8889095467173288,0.3970714639851273,-0.17457922146626229,-0.14729618350702262,0.1367231351215122,-0.4415535148794334,-0.8094732532190809
1699.0,-0.09964724983117766,0.5311428961572627,0.2680426649881056,265.133146217868,-306.80164455859597,586.5583119393916,508473.48763243307,False,-1.828445083101422,1.3630544266888305,-5.600847243525779,-3.3985523107569326,3.0430169724396947,-4.420554478864207,0.8808176707012637,0.4042146465108419,-0.22143361802507538,-0.10834160481938628,0.013483003416543403,-0.4980027300743428,-0.8570463690683388
1709.0,0.08103768604097158,0.4194050589973604,0.1472369506139448,315.01437489511756,-361.90034786052985,720.9700675865093,750003.75652783,False,-1.8624277484580465,1.3935555974851799,-5.645333368499015,-3.3979807591965767,3.057217186491035,-4.47667051527284,0.8669476359831236,0.4101549567441876,-0.2768359397409297,-0.059469070862115114,-0.146595202054665,-0.5571714766944368,-0.9257965438896205
1718.0,0.19286044442109135,0.31655594159096534,0.0491100375602314,384.88719471355995,-424.79292739033394,864.9943811768312,1076802.4632828126,False,-1.892971148024345,1.421114580788473,-5.685884125801734,-3.389441366637804,3.0670013263271385,-4.534608885664946,0.8463972890823861,0.4143824132811839,-0.3344629578863734,-0.005777058001091028,-0.3317782576341294,-0.6076806912206121,-1.0154573502920208
1728.0,0.11338714196950087,0.270271969088893,0.04337681067425743,449.5865944534486,-472.94760388443456,979.06032717666,1384366.6661835462,False,-1.9268699908295277,1.4518408236236986,-5.731586778635483,-3.390327193546177,3.0782472397700826,-4.605921680973472,0.8123774970742498,0.41686827010409067,-0.4029727378553941,0.062262510173681666,-0.5798190151102641,-0.6470325910405994,-1.1476022749688315
1739.0,0.2179578754351597,0.6672302709883172,0.11023888105655993,511.02000448619276,-497.9961818996031,1019.3763081976099,1548269.6998862396,False,-1.9642897931482617,1.4858788685401039,-5.782484225965929,-3.413273227164747,3.1104881992637683,-4.648159651616134,0.7609740726047582,0.41767302531755796,-0.47614226044070646,0.1405569371031585,-0.8786255393285773,-0.6525949303086136,-1.3193535124681717
1749.0,0.16946463121463085,0.5541461681463774,0.08170645238007272,667.9028645258343,-552.5619044448107,1011.5203772914543,1774592.368361337,False,-1.9985709680545651,1.5171038637673504,-5.82924200231862,-3.442961757505327,3.1345108490342146,-4.703395621818575,0.6964323421547811,0.4242695998420971,-0.5378284422829794,0.21381736627808456,-1.1582873829896443,-0.6036969430406816,-1.4960564871074977
1759.0,0.06033750294746905,0.21530466598501624,0.06390221294276739,765.2223108863016,-582.584283082899,992.0383383742637,1909109.6967777573,False,-2.033088258382995,1.548476479396317,-5.876698871309583,-3.460496312027581,3.140012277532319,-4.787978179987845,0.6176959968205421,0.4322742847363299,-0.5912867546103251,0.28630503329484214,-1.413905193698994,-0.5040163209825131,-1.65421648527065
1769.0,0.06439595246172522,0.2129903161655014,0.07761607390690105,761.7503222877538,-580.6275628874605,993.1324059751571,1903703.8960881329,False,-2.067797643271223,1.5798867080728711,-5.925020621001243,-3.4813806647142873,3.1420334576309603,-4.876371756857027,0.530335554049799,0.43374102272543674,-0.6362858631758104,0.35461701261840045,-1.636670002554083,-0.37606804080908457,-1.7721090053569413
1780.0,0.07238050655660659,0.23699029214022171,0.07863373061475756,752.7351756128,-578.0241999311376,997.911531807717,1896549.6456256886,False,-2.1062431424759613,1.6144513468520072,-5.979219452906602,-3.508710100079382,3.142446319909875,-4.977961317716919,0.42595098797285613,0.4273772792179981,-0.6756277684923818,0.42360540069169744,-1.8527614141292947,-0.2151459172759618,-1.8596095196568894
1790.0,0.07116714844045943,0.23173548291233892,0.07762951657951916,750.7579550018,-577.3606616364458,1000.7131861462165,1898409.7215306712,False,-2.141454521797037,1.6458639398341826,-6.029491109477691,-3.53356576397199,3.1400722767025138,-5.076369993925132,0.32456629420046795,0.41487040766962363,-0.7014892456436194,0.48005427167702747,-2.0328689373242637,-0.057069881088217214,-1.905982269390763
1799.0,0.06994222963564398,0.2291084427675329,0.07636823684814352,747.6160222155979,-576.20413861494,1003.6164630777336,1898186.9309911183,False,-2.173352059464205,1.6741062061888068,-6.0755987796631885,-3.5547759400381707,3.135986912929442,-5.16977893485176,0.22929005435148178,0.39820762279519656,-0.7164114210831487,0.524987081617173,-2.189580617649986,0.0896959124107311,-1.9230524028432823
1809.0,0.06799674905569308,0.2285168278323961,0.07685097203083177,744.0548137145489,-575.1981455300586,1006.651081379167,1897816.8720748567,False,-2.20900664755469,1.7054345915095508,-6.127838965995971,-3.576141678434077,3.1296901510727158,-5.27825833074118,0.12038989640035921,0.3739792485021826,-0.7234757753382914,0.5676518272965495,-2.366041984976346,0.2530744522598072,-1.9148428965516184
1819.0,0.06725455276169393,0.2312889188330737,0.07678912353047031,740.6130471247611,-574.266231347097,1009.5857933740049,1897552.86421964,False,-2.2448583328830933,1.7366924240045802,-6.181187562911702,-3.59419538801218,3.1218763477667566,-5.391461051320793,0.00970619111491649,0.34409144643258377,-0.7204212586154495,0.6020797924535458,-2.554685485627214,0.4119052200596641,-1.8753786021552594
1830.0,0.06727778379385918,0.22986775400255713,0.07852858008372218,737.1689661843535,-573.2868539512353,1012.4823963808462,1897196.5045997147,False,-2.284475520916882,1.7709782026199907,-6.241200285245755,-3.608929710605749,3.111901581956361,-5.519943008034138,-0.11222615109503878,0.30523973869414217,-0.7053584969719179,0.6298439359729061,-2.7900002533006187,0.5737985316120638,-1.788508893563114
1840.0,0.0636331111496346,0.22849526801542255,0.07964283976277246,733.5994489200655,-572.300354297472,1015.2981249234872,1896526.1294579848,False,-2.3206006375237584,1.8020496014373306,-6.296997504645399,-3.6160936137624207,3.102378180918564,-5.639500870441414,-0.22158956762206194,0.2650305257100042,-0.6812489806527784,0.6454120469300965,-3.043304007960299,0.6997456415498412,-1.6606979885151716
1850.0,0.06219399727375856,0.22937564568201813,0.08230934557478828,729.9117516285594,-571.4493448614011,1018.1473991517871,1895949.6453075446,False,-2.356767242160704,1.83302585155346,-6.353996711843956,-3.6172273175150362,3.092871841660152,-5.760340568589365,-0.3279181187869924,0.22079402820260352,-0.6475350010637159,0.6514738113529058,2.938847816059273,0.7928551708957399,-1.4796248464255999
1860.0,0.0612194679227028,0.22868247515721765,0.08225616316513004,726.3434513345958,-570.5486237641305,1020.9537781239992,1895447.158441464,False,-2.3929155639399546,1.863910974856067,-6.412203032430491,-3.6124370420409924,3.0841528182832088,-5.88092354906474,-0.4296810589359979,0.17319761532828512,-0.6046625908056388,0.6478888214164893,2.5949269715945005,0.8391114056486528,-1.2529999645299663
1869.0,0.061482601417339106,0.22981005036787286,0.08441003647674968,722.7167209505465,-569.8203555347159,1023.74374591388,1895065.953621003,False,-2.425384773747249,1.8916375235716358,-6.465613985907287,-3.6029429186058004,3.0773024513129377,-5.9881772248032465,-0.5161323879218078,0.1281178526333831,-0.558778358606228,0.63636461241027,2.272715168312474,0.8328719763671569,-1.0363013076613043
1879.0,0.06053686282946827,0.22996966628099233,0.08734091748552626,719.0349356502618,-569.1501259486246,1026.6599862938785,1894973.8320098582,False,-2.461337456574611,1.9223797277865047,-6.526078999464737,-3.587593649449725,3.0711383912105283,-6.104825488338896,-0.6052461544664245,0.07618653956298564,-0.5002515965068721,0.6145087825941531,1.9366168622235134,0.7742573329345113,-0.8197314958706488
1890.0,0.11727856807314183,0.13320756372783416,-0.6225296781497978,515.0286598170794,-246.86750986566864,1051.490865048276,1431831.1271402247,False,-2.501024333151324,1.95631668656145,-6.59409738037023,-3.6282020921520597,3.0992177492704744,-6.262152858415673,-0.6786005205958716,0.010124465875570787,-0.46031232852422843,0.57228610750773,1.6731208483800117,0.6897243367800932,-0.727709931788001
1900.0,0.70585400193106,1.5624240546807888,-1.8154410079896168,-587.1521652414469,1815.4614104706982,1024.3313926243252,4689902.599971665,False,-2.537312160078896,1.9877578434437684,-6.658348934760838,-3.6293632917835685,3.1890136165077094,-6.5881580269768785,-0.6443389864897406,-0.08669062373330769,-0.5891939426478301,0.4797525447490708,1.7822243700081033,0.7424581797546145,-1.1652735678451194
1910.0,0.6879167147594373,1.6695045090799008,-1.769805724902177,-1163.3095088024306,2240.74729883526,790.9889208142613,6999900.943358577,False,-2.573654954445154,2.0204912143807863,-6.725629065804677,-3.639195596371538,3.357660614637156,-6.867868163519936,-0.5544266767611533,-0.1530691962707676,-0.741069977570722,0.346404632751836,2.076552297609416,0.7976118008383004,-1.7802658923831036
1920.0,0.6389536284899596,1.4649960375196045,-1.6875423818389323,-1626.939529289183,2135.2880032673056,861.9358463734424,7949320.492124488,False,-2.6103063162217364,2.0550964626628363,-6.795215787639773,-3.6910767729942773,3.5633890565691324,-7.049476188788635,-0.4479688058146782,-0.18983769797675715,-0.8585682456085338,0.16169775841532488,2.412003491748788,0.7864227795849192,-2.4550724419699916
