0,0.0,-0.817383,-0.014160,0.614258,-0.125762,0.506860,0.026677
1,26.0,-0.807861,-0.016602,0.611084,-0.133384,0.247713,0.933689
2,31.0,-0.800781,-0.014404,0.603516,-0.072409,0.423018,-0.038110
3,35.0,-0.802002,-0.016357,0.604004,-0.110518,0.412856,-0.058435
4,37.0,-0.802572,-0.016357,0.605794,-0.129573,0.407774,-0.068598
5,41.0,-0.803711,-0.016357,0.609375,-0.274390,0.430640,0.072409
6,45.0,-0.813477,-0.017822,0.613037,-0.163872,0.323933,0.129573
7,51.0,-0.806641,-0.016113,0.608398,0.022866,0.369665,0.148628
8,56.0,-0.792236,-0.013184,0.598633,-0.175305,0.407774,0.137195
9,62.0,-0.802002,-0.015869,0.603760,-0.133384,0.381098,-0.019055
10,66.0,-0.809570,-0.014648,0.610352,-0.282012,0.442073,-0.015244
11,72.0,-0.807373,-0.011475,0.605713,-0.182927,0.419207,0.053354
12,76.0,-0.800781,-0.010498,0.606689,-0.019055,0.400152,-0.011433
13,81.0,-0.797852,-0.010742,0.605469,-0.301067,0.537348,0.060976
14,86.0,-0.809082,-0.012207,0.608398,-0.171494,0.583079,-0.003811
15,91.0,-0.809326,-0.012695,0.612549,-0.137195,0.480183,0.041921
16,97.0,-0.796143,-0.012695,0.607178,-0.259146,0.396341,0.129573
17,101.0,-0.797119,-0.013916,0.606445,-0.316311,0.586890,-0.057165
18,107.0,-0.768799,-0.003662,0.595459,-0.289634,0.602134,-0.022866
19,111.0,-0.854980,-0.036133,0.628418,-0.518293,0.967988,-0.285823
20,116.0,-0.843018,-0.013428,0.633545,0.045732,0.022866,0.423018
21,122.0,-0.760254,-0.011230,0.585205,0.007622,0.102896,0.323933
22,126.0,-0.789551,-0.022949,0.603271,-0.156250,0.567835,0.007622
23,132.0,-0.754150,-0.017334,0.582031,-0.449695,0.651677,-0.053354
24,136.0,-0.902588,-0.028809,0.655273,-0.434451,1.074695,-0.209604
25,142.0,-0.789062,-0.014160,0.619141,0.259146,-0.339177,0.442073
26,146.0,-0.717529,-0.012939,0.544922,-0.320122,0.518293,-0.205793
27,151.0,-0.869629,-0.025879,0.647705,-0.339177,1.070884,-0.198171
28,157.0,-0.854980,-0.016113,0.646484,0.041921,-0.076220,0.346799
29,161.0,-0.781494,-0.017090,0.590088,0.083841,-0.015244,0.335366
30,167.0,-0.771729,-0.011719,0.584717,0.015244,0.270579,0.144817
31,171.0,-0.802490,-0.013184,0.598145,-0.194360,0.613567,0.011433
32,177.0,-0.824463,-0.015625,0.620850,-0.038110,0.632622,0.030488
33,182.0,-0.799072,-0.013428,0.602783,0.041921,0.342988,0.068598
34,186.0,-0.816406,-0.016357,0.612549,-0.125762,0.628811,0.011433
35,192.0,-0.794922,-0.010742,0.599609,-0.121951,0.365854,0.076220
36,196.0,-0.756104,-0.012451,0.574951,-0.262957,0.579268,-0.114329
37,202.0,-0.849609,-0.014648,0.634521,-0.373476,1.025152,-0.179116
38,207.0,-0.833008,-0.020264,0.630127,-0.228659,0.358232,-0.057165
39,212.0,-0.753906,-0.015137,0.571777,-0.083841,0.156250,0.144817
40,217.0,-0.810547,-0.014160,0.611816,-0.160061,0.724085,-0.072409
41,221.0,-0.826904,-0.018311,0.632568,-0.247713,0.560213,0.106707
42,227.0,-0.809326,-0.015625,0.615723,-0.106707,0.388720,0.087652
43,231.0,-0.794189,-0.016357,0.602295,0.034299,0.346799,0.015244
44,237.0,-0.795410,-0.017578,0.599854,-0.049543,0.426829,-0.003811
45,242.0,-0.816895,-0.015381,0.618652,-0.163872,0.522104,-0.019055
46,248.0,-0.799561,-0.014160,0.608887,-0.106707,0.190549,0.072409
47,252.0,-0.806152,-0.017822,0.612061,-0.060976,0.312500,0.091463
48,256.0,-0.806885,-0.014893,0.606445,-0.134654,0.327744,0.050813
49,258.0,-0.801351,-0.014160,0.603434,-0.171494,0.335366,0.030488
50,262.0,-0.790283,-0.012695,0.597412,-0.091463,0.483994,0.034299
51,267.0,-0.818359,-0.017334,0.613770,-0.213415,0.556402,0.118140
52,272.0,-0.808350,-0.013428,0.609131,-0.041921,0.312500,0.144817
53,277.0,-0.796387,-0.012207,0.597656,-0.080030,0.327744,0.095274
54,283.0,-0.807617,-0.016113,0.605225,-0.247713,0.472561,0.072409
55,287.0,-0.802979,-0.015137,0.606689,-0.160061,0.442073,0.163872
56,293.0,-0.811279,-0.012207,0.611572,-0.186738,0.365854,0.060976
57,297.0,-0.808350,-0.015137,0.604736,-0.171494,0.426829,0.007622
58,302.0,-0.796143,-0.017090,0.604004,-0.087652,0.529726,0.053354
59,308.0,-0.805176,-0.016846,0.608398,-0.255335,0.598323,-0.015244
60,312.0,-0.800537,-0.017578,0.605225,-0.266768,0.442073,0.091463
61,318.0,-0.801514,-0.016846,0.608154,-0.175305,0.419207,0.034299
62,322.0,-0.799316,-0.017578,0.605957,-0.293445,0.701219,0.026677
63,328.0,-0.796143,-0.016846,0.599121,-0.270579,0.701219,-0.125762
64,332.0,-0.783447,-0.018799,0.593994,-0.377287,0.929878,-0.415396
65,337.0,-0.876465,-0.019775,0.648438,-0.221037,0.689787,-0.118140
66,343.0,-0.767334,-0.013184,0.595703,0.141006,-0.137195,0.182927
67,347.0,-0.695068,-0.012207,0.531494,-0.285823,0.773628,-0.236280
68,353.0,-0.898682,-0.040039,0.654053,-0.598323,1.787348,-0.674543
69,357.0,-0.969971,-0.027344,0.722168,0.160061,-0.106707,0.541159
70,363.0,-0.690918,-0.008301,0.544922,0.373476,-0.998476,0.800305
71,368.0,-0.719727,-0.016357,0.548096,-0.167683,0.746951,-0.015244
72,372.0,-0.829346,-0.018555,0.619873,-0.442073,1.013720,-0.238821
73,374.0,-0.844971,-0.019368,0.631104,-0.579268,1.147104,-0.350610
74,378.0,-0.876221,-0.020996,0.653564,-0.224848,0.762195,-0.049543
75,382.0,-0.770508,-0.012695,0.590820,0.076220,-0.034299,0.316311
76,388.0,-0.808350,-0.016357,0.606934,-0.099085,0.419207,0.076220
77,393.0,-0.808838,-0.016113,0.614258,0.015244,0.221037,0.278201
78,398.0,-0.761719,-0.014893,0.584473,-0.121951,0.304878,0.148628
79,403.0,-0.848389,-0.018555,0.640381,-0.182927,0.766006,-0.022866
80,407.0,-0.849854,-0.015381,0.643311,-0.104167,0.405234,0.139736
81,409.0,-0.806641,-0.012614,0.613525,-0.064787,0.224848,0.221037
82,413.0,-0.720215,-0.007080,0.553955,0.011433,-0.080030,0.274390
83,417.0,-0.793213,-0.009766,0.594727,-0.205793,0.777439,-0.057165
84,423.0,-0.874756,-0.015381,0.657715,-0.251524,0.647866,-0.129573
85,428.0,-0.802002,-0.007324,0.611328,-0.060976,0.019055,0.232470
86,434.0,-0.759766,-0.007812,0.577881,-0.129573,0.365854,0.114329
87,438.0,-0.802002,-0.012451,0.601807,-0.201982,0.769817,-0.179116
88,444.0,-0.836426,-0.014160,0.625244,-0.236280,0.602134,-0.118140
89,448.0,-0.810547,-0.013672,0.608154,-0.022866,0.110518,0.221037
90,453.0,-0.794189,-0.015137,0.596924,0.007622,0.251524,0.247713
91,458.0,-0.812744,-0.011230,0.611572,-0.209604,0.537348,0.072409
92,463.0,-0.798340,-0.011719,0.603516,-0.072409,0.483994,0.129573
93,469.0,-0.813721,-0.018799,0.611328,-0.030488,0.567835,0.026677
94,473.0,-0.812500,-0.018311,0.617188,-0.106707,0.503049,0.152439
95,479.0,-0.783936,-0.018311,0.596436,-0.186738,0.377287,0.129573
96,483.0,-0.798828,-0.022217,0.608887,-0.293445,0.457317,0.041921
97,488.0,-0.808594,-0.022461,0.615479,-0.217226,0.449695,0.049543
98,494.0,-0.802002,-0.023193,0.613037,-0.167683,0.339177,-0.041921
99,498.0,-0.801514,-0.018555,0.611328,-0.179116,0.575457,-0.045732
100,504.0,-0.794189,-0.019531,0.604004,-0.190549,0.644055,-0.022866
101,508.0,-0.801514,-0.020752,0.606689,-0.255335,0.716463,-0.217226
102,514.0,-0.808105,-0.019775,0.614990,-0.342988,0.525915,-0.194360
103,519.0,-0.701660,-0.003174,0.553223,-0.278201,0.640244,-0.095274
104,523.0,-0.878662,-0.049561,0.628418,-0.927591,2.173781,-0.970274
105,524.0,-0.893433,-0.046102,0.643921,-1.089939,2.557165,-1.189024
106,529.0,-0.967285,-0.028809,0.721436,0.308689,0.019055,0.087652
107,533.0,-0.752930,-0.004395,0.585693,0.800305,-1.181402,0.823171
108,539.0,-0.735352,-0.009521,0.560791,0.320122,0.114329,0.327744
109,543.0,-0.767578,-0.005371,0.579590,-0.308689,0.731707,0.000000
110,549.0,-0.866943,-0.016113,0.647217,-0.259146,0.777439,-0.118140
111,554.0,-0.786621,-0.007812,0.609863,0.011433,-0.011433,0.114329
112,558.0,-0.792236,-0.008545,0.601807,-0.102896,0.321392,0.068598
113,560.0,-0.797119,-0.009033,0.607015,-0.160061,0.487805,0.045732
114,564.0,-0.806885,-0.010010,0.617432,-0.182927,0.377287,0.141006
115,568.0,-0.780762,-0.010010,0.595459,-0.247713,0.415396,-0.080030
116,574.0,-0.823242,-0.012695,0.624512,-0.316311,0.743140,-0.141006
117,579.0,-0.855225,-0.016846,0.645264,-0.121951,0.586890,-0.007622
118,584.0,-0.754150,-0.010254,0.578125,0.022866,-0.022866,0.270579
119,589.0,-0.776855,-0.011230,0.586426,-0.228659,0.503049,-0.049543
120,595.0,-0.853271,-0.019531,0.644287,-0.099085,0.590701,-0.038110
121,599.0,-0.811279,-0.015381,0.614746,-0.034299,0.213415,0.213415
122,603.0,-0.781494,-0.013184,0.593018,-0.057165,0.331555,0.232470
123,609.0,-0.790283,-0.020020,0.600586,-0.133384,0.529726,-0.034299
124,614.0,-0.823975,-0.018555,0.614502,-0.190549,0.636433,-0.080030
125,620.0,-0.810303,-0.020020,0.607666,-0.091463,0.224848,0.125762
126,624.0,-0.791260,-0.017090,0.601318,-0.015244,0.152439,0.190549
127,630.0,-0.807861,-0.016113,0.611328,-0.080030,0.419207,0.019055
128,634.0,-0.800537,-0.017578,0.604004,-0.198171,0.495427,-0.026677
129,639.0,-0.806641,-0.017334,0.606689,-0.171494,0.705031,-0.030488
130,645.0,-0.811035,-0.016357,0.616211,-0.049543,0.468750,0.053354
131,649.0,-0.790039,-0.018311,0.600586,-0.243902,0.373476,-0.015244
132,655.0,-0.801514,-0.019775,0.607910,-0.358232,0.499238,-0.045732
133,659.0,-0.793945,-0.017334,0.607910,-0.175305,0.529726,-0.064787
134,665.0,-0.816650,-0.020020,0.616211,-0.224848,0.766006,-0.030488
135,669.0,-0.793701,-0.009766,0.608643,-0.045732,0.449695,0.080030
136,674.0,-0.813477,-0.024658,0.609131,-0.067962,0.770452,-0.129573
137,675.0,-0.818522,-0.023153,0.612874,-0.072409,0.834604,-0.171494
138,680.0,-0.843750,-0.015625,0.631592,-0.163872,0.377287,0.144817
139,684.0,-0.775635,-0.013916,0.592529,-0.011433,0.083841,0.320122
140,690.0,-0.793701,-0.016113,0.603516,-0.095274,0.373476,-0.015244
141,694.0,-0.787109,-0.008545,0.600830,-0.228659,0.423018,0.045732
142,700.0,-0.793701,-0.017090,0.598145,-0.358232,0.773628,-0.175305
143,705.0,-0.837402,-0.014893,0.628418,-0.289634,0.708842,-0.262957
144,709.0,-0.855957,-0.018799,0.641357,-0.019055,0.247713,0.167683
145,715.0,-0.770996,-0.012695,0.592529,0.076220,-0.057165,0.483994
146,719.0,-0.775146,-0.011230,0.583008,-0.121951,0.495427,0.049543
147,725.0,-0.809326,-0.014160,0.604736,-0.201982,0.552592,-0.102896
148,729.0,-0.837158,-0.018066,0.628418,-0.148628,0.407774,0.053354
149,735.0,-0.794189,-0.012695,0.601318,0.041921,0.228659,0.194360
150,740.0,-0.796143,-0.015869,0.599854,-0.110518,0.423018,0.007622
151,746.0,-0.817627,-0.018555,0.615967,-0.110518,0.480183,0.057165
152,750.0,-0.794922,-0.015869,0.600586,-0.201982,0.339177,0.144817
153,754.0,-0.813965,-0.020752,0.612549,-0.205793,0.461128,0.038110
154,760.0,-0.812988,-0.016113,0.617676,0.041921,0.423018,0.255335
155,765.0,-0.780029,-0.018555,0.595215,-0.011433,0.232470,0.171494
156,770.0,-0.804199,-0.021484,0.611572,-0.118140,0.575457,-0.068598
157,775.0,-0.819824,-0.020752,0.625244,-0.068598,0.503049,0.060976
158,781.0,-0.801514,-0.017578,0.611816,-0.091463,0.327744,0.091463
159,785.0,-0.793457,-0.013184,0.602783,-0.095274,0.415396,0.026677
160,790.0,-0.800537,-0.017090,0.609863,-0.095274,0.400152,-0.064787
161,795.0,-0.814453,-0.020508,0.614990,0.030488,0.434451,0.095274
162,800.0,-0.803467,-0.015625,0.607178,-0.022866,0.373476,0.114329
163,806.0,-0.800537,-0.012939,0.608154,-0.121951,0.495427,0.015244
164,810.0,-0.804443,-0.014404,0.610107,-0.171494,0.449695,0.083841
165,816.0,-0.802979,-0.013428,0.607422,-0.186738,0.403963,0.026677
166,820.0,-0.808350,-0.010986,0.611816,-0.217226,0.400152,0.007622
167,825.0,-0.805908,-0.011963,0.607422,-0.110518,0.415396,0.102896
168,831.0,-0.798096,-0.012451,0.602051,-0.118140,0.423018,-0.019055
169,835.0,-0.806152,-0.012695,0.609375,-0.221037,0.552592,-0.034299
170,841.0,-0.806885,-0.012207,0.611572,-0.102896,0.453506,-0.007622
171,845.0,-0.798096,-0.015137,0.607178,-0.186738,0.525915,-0.015244
172,851.0,-0.813477,-0.018799,0.615234,-0.308689,0.461128,-0.011433
173,855.0,-0.803711,-0.016357,0.609619,-0.209604,0.365854,0.049543
174,860.0,-0.751709,-0.010742,0.574707,-0.125762,0.628811,-0.087652
175,866.0,-0.838135,-0.025391,0.629639,-0.384909,1.181402,-0.396341
176,870.0,-0.880371,-0.021729,0.665527,0.099085,0.392531,0.160061
177,876.0,-0.781494,-0.019287,0.596191,0.228659,-0.144817,0.369665
178,880.0,-0.757568,-0.019287,0.572998,-0.080030,0.365854,0.171494
179,886.0,-0.806396,-0.017578,0.604980,-0.274390,0.754573,-0.198171
180,891.0,-0.837158,-0.020020,0.627686,-0.110518,0.541159,0.034299
181,895.0,-0.793701,-0.015137,0.600830,0.002287,0.291159,0.144055
182,896.0,-0.794840,-0.015666,0.601522,0.030488,0.228659,0.171494
183,901.0,-0.800537,-0.018311,0.604980,-0.163872,0.350610,-0.026677
184,905.0,-0.805420,-0.013916,0.606689,-0.236280,0.236280,0.144817
185,911.0,-0.788818,-0.012451,0.596436,-0.076220,0.445884,0.095274
186,916.0,-0.819092,-0.018066,0.617920,-0.205793,0.651677,-0.060976
187,921.0,-0.834229,-0.017578,0.629639,-0.060976,0.453506,0.076220
188,926.0,-0.771973,-0.013428,0.588379,0.038110,0.083841,0.270579
189,932.0,-0.786865,-0.011230,0.597168,-0.141006,0.499238,0.000000
190,936.0,-0.837402,-0.014404,0.631836,-0.472561,0.544969,-0.003811
191,940.0,-0.812744,-0.012939,0.615723,-0.156250,0.221037,0.247713
192,946.0,-0.785156,-0.010010,0.600098,-0.022866,0.201982,0.141006
193,951.0,-0.797363,-0.012939,0.609375,-0.190549,0.499238,0.091463
194,957.0,-0.814453,-0.012451,0.615967,-0.076220,0.407774,0.076220
195,961.0,-0.809570,-0.013916,0.613281,-0.038110,0.327744,-0.022866
196,967.0,-0.801758,-0.013916,0.607178,-0.053354,0.323933,0.095274
197,971.0,-0.803467,-0.011963,0.607422,-0.064787,0.396341,0.057165
198,976.0,-0.801514,-0.013916,0.603516,-0.114329,0.442073,-0.022866
199,981.0,-0.810547,-0.018066,0.611328,-0.221037,0.396341,-0.072409
200,986.0,-0.812012,-0.017578,0.613770,-0.152439,0.365854,0.087652
201,992.0,-0.794434,-0.016113,0.600586,-0.137195,0.392531,0.015244
202,996.0,-0.799805,-0.017578,0.603027,-0.320122,0.594512,-0.060976
203,1002.0,-0.807129,-0.017334,0.608398,-0.224848,0.522104,0.060976
204,1006.0,-0.812012,-0.018311,0.609619,-0.205793,0.423018,0.083841
205,1011.0,-0.805908,-0.018311,0.609131,-0.129573,0.448425,0.125127
206,1012.0,-0.803263,-0.018677,0.607707,-0.114329,0.453506,0.133384
207,1017.0,-0.790039,-0.020508,0.600586,-0.137195,0.556402,-0.003811
208,1021.0,-0.796875,-0.021729,0.603027,-0.243902,0.666921,-0.087652
209,1027.0,-0.786621,-0.023682,0.595947,-0.365854,0.731707,-0.137195
210,1031.0,-0.859863,-0.023438,0.642578,-0.259146,0.701219,0.083841
211,1037.0,-0.811768,-0.020752,0.615967,0.072409,0.125762,0.381098
212,1041.0,-0.790039,-0.017090,0.604492,0.076220,0.323933,0.331555
213,1046.0,-0.773682,-0.016602,0.589355,-0.141006,0.316311,0.060976
214,1052.0,-0.813721,-0.019287,0.613525,-0.209604,0.632622,-0.003811
215,1056.0,-0.813477,-0.014893,0.617676,-0.156250,0.426829,0.026677
216,1062.0,-0.801514,-0.016113,0.609375,-0.072409,0.316311,0.030488
217,1066.0,-0.799805,-0.012207,0.607910,-0.041921,0.259146,-0.011433
218,1072.0,-0.794189,-0.009766,0.603027,-0.129573,0.419207,0.045732
219,1077.0,-0.803955,-0.012207,0.611328,-0.228659,0.453506,0.041921
220,1082.0,-0.820312,-0.011719,0.619873,-0.182927,0.594512,0.034299
221,1087.0,-0.804443,-0.010742,0.610352,-0.125762,0.453506,-0.007622
222,1091.0,-0.791992,-0.008789,0.596436,-0.221037,0.400152,-0.007622
223,1097.0,-0.813232,-0.012207,0.609863,-0.255335,0.495427,0.072409
224,1102.0,-0.815918,-0.015137,0.618896,-0.190549,0.434451,0.083841
225,1107.0,-0.809570,-0.012939,0.614990,0.015244,0.392531,0.049543
226,1112.0,-0.795898,-0.013428,0.602295,-0.121951,0.415396,0.137195
227,1118.0,-0.801514,-0.017334,0.606445,-0.121951,0.552592,0.102896
228,1122.0,-0.810791,-0.018555,0.612305,0.000000,0.400152,0.041921
229,1126.0,-0.807617,-0.017578,0.610596,-0.064787,0.392531,0.156250
230,1132.0,-0.801270,-0.017090,0.606934,-0.163872,0.468750,0.217226
231,1137.0,-0.798828,-0.018311,0.608398,-0.179116,0.590701,0.057165
232,1143.0,-0.806396,-0.022461,0.614990,-0.278201,0.503049,-0.091463
233,1147.0,-0.812256,-0.020996,0.615967,-0.179116,0.445884,-0.076220
234,1153.0,-0.806152,-0.019043,0.606934,-0.144817,0.457317,0.064787
235,1157.0,-0.801270,-0.017822,0.601807,0.000000,0.377287,0.007622
236,1162.0,-0.804443,-0.017334,0.602783,-0.076220,0.369665,0.011433
237,1167.0,-0.807373,-0.015625,0.609375,-0.141006,0.476372,0.114329
238,1172.0,-0.810303,-0.020508,0.613037,-0.121951,0.583079,0.076220
239,1178.0,-0.801025,-0.016846,0.606445,-0.209604,0.472561,0.072409
240,1182.0,-0.800049,-0.015381,0.605957,-0.194360,0.403963,0.083841
241,1188.0,-0.806641,-0.016357,0.608643,-0.030488,0.400152,-0.049543
242,1192.0,-0.806885,-0.012451,0.613281,0.000000,0.457317,0.064787
243,1197.0,-0.801025,-0.012207,0.611328,-0.129573,0.415396,0.072409
244,1203.0,-0.801758,-0.012451,0.609619,-0.053354,0.464939,0.038110
245,1207.0,-0.805176,-0.018799,0.612305,-0.080030,0.457317,-0.064787
246,1213.0,-0.806396,-0.016602,0.612061,-0.022866,0.457317,0.000000
247,1217.0,-0.806152,-0.013672,0.614014,-0.171494,0.476372,0.007622
248,1223.0,-0.802734,-0.012939,0.608643,-0.228659,0.457317,-0.057165
249,1228.0,-0.803467,-0.016846,0.607422,-0.209604,0.457317,-0.102896
250,1232.0,-0.805908,-0.015869,0.607910,-0.237043,0.490854,0.052591
251,1233.0,-0.806030,-0.015544,0.608236,-0.243902,0.499238,0.091463
252,1238.0,-0.806641,-0.013916,0.609863,-0.171494,0.388720,0.076220
253,1242.0,-0.804443,-0.011475,0.611328,-0.106707,0.373476,0.060976
254,1248.0,-0.802490,-0.012939,0.610596,-0.209604,0.396341,0.148628
255,1252.0,-0.806152,-0.014160,0.608154,-0.171494,0.381098,0.003811
256,1258.0,-0.803711,-0.013672,0.607422,-0.228659,0.480183,-0.053354
257,1263.0,-0.804199,-0.015869,0.606201,-0.156250,0.491616,0.053354
258,1269.0,-0.804443,-0.019775,0.610840,-0.110518,0.560213,0.129573
259,1273.0,-0.805908,-0.016113,0.610840,0.038110,0.438262,0.095274
260,1277.0,-0.806152,-0.016846,0.611084,0.072409,0.346799,0.000000
261,1283.0,-0.804199,-0.018311,0.608154,-0.152439,0.480183,0.003811
262,1288.0,-0.801758,-0.015869,0.609619,-0.160061,0.453506,0.030488
263,1293.0,-0.801514,-0.018555,0.610596,-0.095274,0.491616,0.114329
264,1298.0,-0.805420,-0.019775,0.611328,-0.247713,0.476372,0.118140
265,1304.0,-0.804688,-0.016357,0.612305,-0.232470,0.400152,0.072409
266,1308.0,-0.802002,-0.017578,0.613525,-0.106707,0.476372,0.160061
267,1312.0,-0.804443,-0.013916,0.612549,-0.217226,0.503049,0.080030
268,1318.0,-0.802979,-0.014160,0.609131,-0.335366,0.560213,0.026677
269,1323.0,-0.803223,-0.016113,0.609375,-0.148628,0.476372,0.110518
270,1329.0,-0.808105,-0.016846,0.608398,-0.019055,0.403963,0.095274
271,1333.0,-0.805908,-0.013184,0.605713,-0.125762,0.377287,0.030488
272,1339.0,-0.806396,-0.013672,0.607666,-0.133384,0.457317,0.095274
273,1343.0,-0.809570,-0.012939,0.610596,-0.144817,0.415396,0.076220
274,1348.0,-0.805420,-0.011475,0.610107,-0.030488,0.421748,0.009527
275,1349.0,-0.805615,-0.011816,0.610059,-0.007622,0.423018,-0.003811
276,1353.0,-0.806396,-0.013184,0.609863,-0.179116,0.552592,0.163872
277,1358.0,-0.803955,-0.011963,0.606689,-0.236280,0.491616,0.163872
278,1364.0,-0.805664,-0.014893,0.609619,-0.030488,0.449695,-0.011433
279,1368.0,-0.805664,-0.014648,0.613037,-0.038110,0.445884,0.072409
280,1374.0,-0.805176,-0.013672,0.612061,-0.087652,0.392531,0.198171
281,1378.0,-0.800537,-0.016113,0.607910,-0.148628,0.415396,0.091463
282,1383.0,-0.810059,-0.015869,0.616943,-0.262957,0.537348,0.026677
283,1389.0,-0.805420,-0.016846,0.613037,-0.152439,0.438262,0.133384
284,1393.0,-0.786377,-0.014404,0.600586,-0.251524,0.480183,0.045732
285,1399.0,-0.812988,-0.020752,0.618164,-0.308689,0.575457,-0.049543
286,1403.0,-0.813232,-0.016846,0.615723,-0.141006,0.278201,0.106707
287,1409.0,-0.802979,-0.016846,0.612305,-0.091463,0.285823,0.156250
288,1414.0,-0.795166,-0.018066,0.605957,-0.064787,0.430640,0.076220
289,1419.0,-0.803711,-0.015625,0.608154,-0.114329,0.487805,0.152439
290,1424.0,-0.805664,-0.019043,0.609619,-0.030488,0.419207,0.068598
291,1428.0,-0.804199,-0.017090,0.606201,-0.121951,0.377287,-0.038110
292,1434.0,-0.809082,-0.018311,0.610596,-0.129573,0.327744,-0.072409
293,1438.0,-0.802979,-0.016357,0.610596,-0.057165,0.335366,0.057165
294,1444.0,-0.795898,-0.016113,0.606201,-0.129573,0.503049,0.106707
295,1449.0,-0.814453,-0.017578,0.613770,-0.118140,0.625000,-0.026677
296,1455.0,-0.812256,-0.019043,0.613037,-0.110518,0.335366,0.083841
297,1459.0,-0.797363,-0.014648,0.606201,-0.179116,0.438262,0.163872
298,1463.0,-0.804688,-0.014893,0.605957,-0.102896,0.464939,0.011433
299,1469.0,-0.806152,-0.017578,0.614990,-0.141006,0.476372,-0.060976
300,1474.0,-0.806152,-0.015381,0.612061,-0.095274,0.396341,0.148628
301,1479.0,-0.804688,-0.016357,0.608887,-0.125762,0.464939,0.015244
302,1484.0,-0.805420,-0.013672,0.610352,-0.175305,0.461128,-0.015244
303,1490.0,-0.800781,-0.016846,0.609375,-0.121951,0.461128,0.060976
304,1494.0,-0.806152,-0.016113,0.608398,-0.057165,0.419207,0.049543
305,1499.0,-0.807373,-0.013672,0.612793,-0.201982,0.510671,0.114329
306,1504.0,-0.803223,-0.016602,0.608887,-0.080030,0.598323,0.053354
307,1509.0,-0.800781,-0.015625,0.604980,-0.083841,0.556402,0.049543
308,1515.0,-0.808105,-0.014160,0.611084,-0.179116,0.544969,0.022866
309,1519.0,-0.807373,-0.017578,0.612549,-0.179116,0.327744,-0.022866
310,1525.0,-0.803467,-0.016602,0.609619,-0.129573,0.396341,0.003811
311,1529.0,-0.803467,-0.015625,0.609131,-0.262957,0.541159,0.057165
312,1534.0,-0.805176,-0.017334,0.606934,-0.234375,0.464939,0.006352
313,1535.0,-0.805298,-0.017456,0.607137,-0.228659,0.449695,-0.003811
314,1540.0,-0.805908,-0.018066,0.608154,-0.137195,0.457317,-0.038110
315,1544.0,-0.802979,-0.017334,0.610840,-0.087652,0.400152,0.060976
316,1550.0,-0.802979,-0.013184,0.612549,-0.198171,0.403963,0.087652
317,1554.0,-0.806396,-0.013916,0.610596,-0.186738,0.510671,0.102896
318,1560.0,-0.805176,-0.017578,0.609131,-0.293445,0.457317,-0.011433
319,1564.0,-0.805176,-0.015381,0.611084,-0.205793,0.445884,0.060976
320,1569.0,-0.804199,-0.016113,0.608398,-0.228023,0.452236,0.067327
321,1570.0,-0.804240,-0.016276,0.608480,-0.232470,0.453506,0.068598
322,1575.0,-0.804443,-0.017090,0.608887,-0.182927,0.461128,0.049543
323,1579.0,-0.805420,-0.017822,0.610840,-0.114329,0.544969,-0.011433
324,1585.0,-0.804199,-0.018799,0.611572,-0.141006,0.632622,-0.034299
325,1589.0,-0.802734,-0.019043,0.612305,-0.091463,0.491616,0.015244
326,1595.0,-0.802734,-0.016113,0.610107,-0.156250,0.442073,0.007622
327,1600.0,-0.806396,-0.015137,0.607910,-0.156250,0.567835,0.163872
328,1605.0,-0.805176,-0.016846,0.608398,-0.327744,0.304878,0.133384
329,1610.0,-0.806396,-0.014404,0.609863,-0.114329,0.228659,0.087652
330,1614.0,-0.802490,-0.013428,0.608154,-0.026677,0.426829,0.072409
331,1620.0,-0.805176,-0.015381,0.606201,-0.076220,0.510671,0.015244
332,1624.0,-0.804199,-0.015625,0.611084,-0.141006,0.499238,0.068598
333,1630.0,-0.804199,-0.016846,0.613770,-0.182927,0.506860,0.156250
334,1635.0,-0.804199,-0.017822,0.610840,-0.171494,0.453506,0.003811
335,1641.0,-0.804199,-0.015381,0.610107,-0.144817,0.346799,0.087652
336,1645.0,-0.804688,-0.013428,0.609863,-0.148628,0.499238,0.091463
337,1649.0,-0.803223,-0.016602,0.611084,-0.110518,0.297256,0.091463
338,1655.0,-0.801758,-0.019531,0.611816,-0.217226,0.335366,0.041921
339,1660.0,-0.803955,-0.015869,0.607178,-0.259146,0.434451,0.049543
340,1666.0,-0.800049,-0.018799,0.607910,-0.106707,0.453506,0.144817
341,1670.0,-0.803223,-0.017090,0.611328,-0.064787,0.392531,0.053354
342,1676.0,-0.806152,-0.014404,0.610107,-0.152439,0.480183,-0.030488
343,1680.0,-0.806641,-0.018311,0.610107,-0.293445,0.483994,-0.011433
344,1685.0,-0.804443,-0.018555,0.611816,-0.182292,0.493521,0.125127
345,1686.0,-0.804297,-0.018115,0.611572,-0.160061,0.495427,0.152439
346,1690.0,-0.803711,-0.016357,0.610596,-0.091463,0.487805,0.087652
347,1695.0,-0.805176,-0.014404,0.609131,-0.179116,0.419207,0.076220
348,1701.0,-0.804443,-0.014404,0.610352,-0.160061,0.491616,0.011433
349,1705.0,-0.807617,-0.015137,0.609131,-0.156250,0.495427,-0.015244
350,1711.0,-0.804932,-0.015869,0.613770,-0.125762,0.522104,0.015244
351,1715.0,-0.804199,-0.014893,0.607666,-0.114329,0.415396,0.049543
352,1720.0,-0.804443,-0.013184,0.607666,-0.221037,0.396341,0.064787
353,1726.0,-0.807617,-0.014404,0.607910,-0.163872,0.590701,0.003811
354,1730.0,-0.804199,-0.014648,0.608154,-0.137195,0.480183,0.034299
355,1736.0,-0.806885,-0.015137,0.609619,-0.118140,0.426829,0.030488
356,1740.0,-0.805420,-0.014160,0.612061,-0.141006,0.510671,0.121951
357,1746.0,-0.804199,-0.014893,0.609375,-0.243902,0.381098,0.125762
358,1750.0,-0.808105,-0.013428,0.604248,-0.110518,0.384909,0.137195
359,1756.0,-0.806396,-0.015381,0.605713,-0.221037,0.495427,-0.007622
360,1761.0,-0.802246,-0.015381,0.609619,-0.217226,0.445884,0.011433
361,1765.0,-0.804199,-0.019043,0.609619,-0.221037,0.445884,0.106707
362,1771.0,-0.806396,-0.015381,0.606445,-0.167683,0.407774,0.125762
363,1775.0,-0.805664,-0.016357,0.607178,-0.133384,0.362043,0.041921
364,1781.0,-0.803711,-0.015381,0.608154,-0.152439,0.407774,-0.053354
365,1786.0,-0.801270,-0.017090,0.610107,-0.179116,0.453506,0.015244
366,1791.0,-0.804199,-0.016357,0.611816,-0.152439,0.419207,0.080030
367,1796.0,-0.802979,-0.018066,0.612061,-0.125762,0.392531,0.015244
368,1800.0,-0.805908,-0.016602,0.609375,-0.060976,0.350610,0.015244
369,1806.0,-0.804443,-0.016846,0.608887,-0.057165,0.266768,0.121951
370,1811.0,-0.801025,-0.014404,0.610107,-0.251524,0.335366,0.087652
371,1816.0,-0.802734,-0.017822,0.614258,-0.270579,0.476372,0.068598
372,1821.0,-0.804688,-0.018555,0.606689,0.026677,0.457317,0.057165
373,1827.0,-0.803955,-0.014893,0.608154,-0.041921,0.430640,0.080030
374,1831.0,-0.804443,-0.014160,0.610352,-0.053354,0.400152,0.064787
375,1835.0,-0.804688,-0.016113,0.609863,-0.064787,0.403963,-0.041921
376,1841.0,-0.805664,-0.016357,0.610596,-0.137195,0.377287,0.121951
377,1846.0,-0.806152,-0.014404,0.607422,-0.262957,0.388720,0.080030
378,1852.0,-0.804199,-0.015137,0.610352,-0.228659,0.510671,0.060976
379,1856.0,-0.801514,-0.013672,0.611084,0.022866,0.598323,0.053354
380,1862.0,-0.803711,-0.015869,0.608154,-0.121951,0.423018,0.026677
381,1866.0,-0.802734,-0.014893,0.606201,-0.217226,0.445884,0.038110
382,1871.0,-0.801025,-0.014893,0.606445,-0.274390,0.503049,0.019055
383,1872.0,-0.801807,-0.014844,0.607520,-0.285823,0.514482,0.015244
384,1876.0,-0.804932,-0.014648,0.611816,-0.167683,0.483994,0.099085
385,1881.0,-0.806396,-0.015137,0.611328,-0.133384,0.415396,-0.057165
386,1887.0,-0.803711,-0.015381,0.610352,-0.274390,0.350610,0.045732
387,1891.0,-0.801758,-0.016113,0.607178,-0.213415,0.503049,0.053354
388,1897.0,-0.803467,-0.016357,0.607422,-0.160061,0.464939,0.053354
389,1901.0,-0.805664,-0.015869,0.608398,-0.137195,0.491616,0.190549
390,1906.0,-0.805908,-0.018799,0.609131,-0.111789,0.501143,0.057165
391,1907.0,-0.806071,-0.018433,0.609497,-0.106707,0.503049,0.030488
392,1912.0,-0.806885,-0.016602,0.611328,-0.125762,0.480183,-0.083841
393,1916.0,-0.804443,-0.017334,0.609619,-0.171494,0.392531,0.019055
394,1922.0,-0.802490,-0.019043,0.609619,-0.144817,0.403963,0.057165
395,1926.0,-0.805176,-0.015869,0.611572,-0.152439,0.491616,-0.064787
396,1932.0,-0.807373,-0.016602,0.606689,-0.110518,0.457317,0.000000
397,1937.0,-0.801514,-0.016846,0.607422,-0.118140,0.407774,0.091463
398,1942.0,-0.802734,-0.015869,0.610840,-0.133384,0.335366,0.068598
399,1947.0,-0.806885,-0.014648,0.611328,-0.064787,0.453506,0.038110
400,1951.0,-0.804932,-0.012939,0.609131,-0.038110,0.434451,0.099085
401,1957.0,-0.805420,-0.015137,0.612305,-0.076220,0.483994,0.064787
402,1961.0,-0.803467,-0.012939,0.608887,-0.133384,0.537348,-0.007622
403,1967.0,-0.806885,-0.011719,0.611328,-0.060976,0.396341,0.141006
404,1972.0,-0.805664,-0.012207,0.610596,-0.068598,0.480183,0.057165
405,1978.0,-0.804199,-0.011963,0.611084,-0.072409,0.430640,0.083841
406,1982.0,-0.804688,-0.014160,0.605713,-0.141006,0.396341,0.060976
407,1986.0,-0.803955,-0.014893,0.607422,-0.121951,0.461128,0.060976
408,1992.0,-0.804932,-0.014648,0.611816,-0.217226,0.503049,0.045732
409,1997.0,-0.803467,-0.014893,0.606689,-0.137195,0.369665,0.041921
410,2002.0,-0.802979,-0.016113,0.606689,-0.019055,0.392531,-0.034299
411,2007.0,-0.802979,-0.015137,0.611816,-0.106707,0.461128,0.041921
412,2013.0,-0.804443,-0.014893,0.611816,-0.121951,0.525915,0.118140
413,2017.0,-0.804199,-0.018311,0.612549,-0.141006,0.464939,0.000000
414,2021.0,-0.806152,-0.014648,0.609131,-0.189278,0.436992,0.015244
415,2023.0,-0.806234,-0.015544,0.609049,-0.213415,0.423018,0.022866
416,2027.0,-0.806396,-0.017334,0.608887,-0.240091,0.384909,0.060976
417,2032.0,-0.804932,-0.019287,0.610107,-0.091463,0.491616,-0.026677
418,2038.0,-0.806885,-0.018311,0.611816,-0.041921,0.503049,0.114329
419,2042.0,-0.804199,-0.018066,0.608643,-0.129573,0.320122,0.141006
420,2048.0,-0.800781,-0.017334,0.609131,-0.186738,0.506860,0.163872
421,2052.0,-0.800293,-0.018066,0.608154,-0.171494,0.487805,0.011433
422,2057.0,-0.800293,-0.018555,0.611084,-0.278201,0.304878,0.083841
423,2062.0,-0.804199,-0.015869,0.608643,-0.221037,0.316311,0.106707
424,2067.0,-0.805420,-0.017090,0.608643,-0.167683,0.487805,0.064787
425,2073.0,-0.804688,-0.016846,0.609375,-0.121951,0.423018,0.060976
426,2077.0,-0.804932,-0.014893,0.610352,-0.064787,0.419207,0.034299
427,2083.0,-0.805664,-0.014404,0.611084,-0.053354,0.483994,-0.015244
428,2087.0,-0.805176,-0.013672,0.608887,-0.076220,0.552592,0.076220
429,2093.0,-0.804199,-0.016602,0.603271,-0.236280,0.503049,0.003811
430,2098.0,-0.806152,-0.015869,0.610596,-0.110518,0.480183,-0.034299
431,2102.0,-0.802246,-0.014648,0.610352,-0.099085,0.403963,-0.011433
432,2108.0,-0.805176,-0.012451,0.607910,-0.080030,0.468750,0.038110
433,2112.0,-0.802490,-0.016113,0.608398,-0.030488,0.476372,0.076220
434,2118.0,-0.804199,-0.015381,0.614746,-0.190549,0.461128,0.064787
435,2123.0,-0.804932,-0.014648,0.608154,-0.114329,0.445884,0.022866
436,2128.0,-0.804443,-0.013672,0.610107,-0.209604,0.522104,0.041921
437,2133.0,-0.803955,-0.015381,0.611816,-0.186738,0.510671,-0.038110
438,2137.0,-0.805908,-0.014648,0.610596,-0.167683,0.480183,0.045732
439,2143.0,-0.805664,-0.017822,0.611816,-0.041921,0.506860,0.118140
440,2147.0,-0.803955,-0.015869,0.608154,-0.167683,0.537348,0.022866
441,2153.0,-0.802490,-0.016602,0.610596,-0.133384,0.423018,0.091463
442,2158.0,-0.804443,-0.018799,0.614258,-0.057165,0.312500,0.015244
443,2164.0,-0.803955,-0.014648,0.606201,-0.186738,0.442073,-0.003811
444,2168.0,-0.805908,-0.013428,0.608154,-0.186738,0.499238,0.121951
445,2172.0,-0.805664,-0.015625,0.609619,-0.205793,0.342988,0.152439
446,2178.0,-0.802979,-0.018555,0.609131,-0.118140,0.464939,0.118140
447,2183.0,-0.803467,-0.018555,0.607178,-0.083841,0.556402,0.038110
448,2188.0,-0.805664,-0.018066,0.607178,-0.186738,0.529726,0.099085
449,2193.0,-0.805908,-0.017578,0.607666,-0.179116,0.369665,-0.068598
450,2199.0,-0.804199,-0.018555,0.608154,-0.163872,0.301067,-0.057165
451,2203.0,-0.804443,-0.015625,0.607910,-0.190549,0.461128,0.041921
452,2207.0,-0.804932,-0.014648,0.609619,-0.148628,0.423018,0.030488
453,2213.0,-0.802246,-0.016357,0.610352,-0.156250,0.499238,0.007622
454,2218.0,-0.805176,-0.015137,0.605957,-0.209604,0.525915,-0.007622
455,2224.0,-0.802490,-0.014893,0.608643,-0.270579,0.640244,0.057165
456,2228.0,-0.803955,-0.015137,0.610840,-0.095274,0.529726,0.179116
457,2234.0,-0.805176,-0.015137,0.611084,-0.060976,0.442073,0.099085
458,2238.0,-0.805176,-0.012695,0.609863,-0.129573,0.407774,0.007622
459,2243.0,-0.803955,-0.014160,0.610107,-0.189914,0.468115,0.087017
460,2244.0,-0.804362,-0.014323,0.610514,-0.201982,0.480183,0.102896
461,2249.0,-0.806396,-0.015137,0.612549,-0.278201,0.426829,0.091463
462,2253.0,-0.805420,-0.015381,0.608154,-0.194360,0.506860,0.030488
463,2259.0,-0.805908,-0.016846,0.606201,-0.022866,0.457317,0.106707
464,2263.0,-0.806641,-0.013916,0.612305,-0.156250,0.449695,0.064787
465,2269.0,-0.807861,-0.015869,0.611572,-0.186738,0.483994,0.038110
466,2273.0,-0.803467,-0.014893,0.609863,-0.243902,0.487805,0.011433
467,2279.0,-0.803711,-0.015381,0.607422,-0.209604,0.544969,-0.015244
468,2284.0,-0.802734,-0.017334,0.608887,-0.251524,0.464939,0.083841
469,2288.0,-0.807129,-0.018066,0.611328,-0.198171,0.373476,0.190549
470,2294.0,-0.804443,-0.018066,0.609863,-0.274390,0.445884,0.072409
471,2298.0,-0.802734,-0.017334,0.608643,-0.312500,0.491616,-0.007622
472,2304.0,-0.801270,-0.021240,0.610596,-0.259146,0.503049,-0.049543
473,2309.0,-0.805908,-0.014648,0.612549,-0.221037,0.426829,-0.080030
474,2314.0,-0.805420,-0.017090,0.612793,-0.121951,0.301067,-0.007622
475,2319.0,-0.804199,-0.017090,0.609375,-0.072409,0.384909,-0.019055
476,2323.0,-0.804688,-0.015381,0.609131,-0.064787,0.389990,-0.021596
477,2325.0,-0.804606,-0.015788,0.609863,-0.060976,0.392531,-0.022866
478,2329.0,-0.804443,-0.016602,0.611328,-0.099085,0.483994,0.102896
479,2333.0,-0.807129,-0.016602,0.608887,-0.137195,0.529726,0.053354
480,2339.0,-0.806885,-0.013916,0.605713,-0.213415,0.499238,0.030488
481,2344.0,-0.803955,-0.014648,0.606689,-0.224848,0.503049,0.076220
482,2350.0,-0.803955,-0.016602,0.612793,-0.274390,0.388720,0.041921
483,2354.0,-0.805176,-0.015137,0.610107,-0.217226,0.503049,0.015244
484,2358.0,-0.803955,-0.015137,0.605469,-0.141006,0.495427,0.038110
485,2360.0,-0.804525,-0.015137,0.606445,-0.102896,0.491616,0.049543
486,2364.0,-0.805664,-0.015137,0.608398,-0.091463,0.468750,0.060976
487,2369.0,-0.804688,-0.012939,0.610352,-0.194360,0.480183,-0.030488
488,2374.0,-0.804932,-0.013916,0.610352,-0.201982,0.415396,0.072409
489,2379.0,-0.803467,-0.017090,0.612061,-0.171494,0.377287,0.099085
490,2385.0,-0.804443,-0.015137,0.608398,-0.205793,0.537348,0.003811
491,2389.0,-0.803955,-0.015625,0.612305,-0.087652,0.503049,0.003811
492,2394.0,-0.803223,-0.016846,0.610596,-0.106707,0.525915,0.049543
493,2399.0,-0.802979,-0.015869,0.612549,-0.049543,0.483994,0.087652
494,2404.0,-0.806641,-0.015625,0.611572,-0.148628,0.442073,0.045732
495,2410.0,-0.807373,-0.018555,0.607666,-0.243902,0.403963,0.057165
496,2414.0,-0.803223,-0.016357,0.610840,-0.148628,0.342988,0.152439
497,2420.0,-0.804199,-0.014404,0.607422,-0.167683,0.449695,0.045732
498,2424.0,-0.806152,-0.018799,0.611816,-0.152439,0.335366,0.026677
499,2430.0,-0.804199,-0.018066,0.609131,-0.186738,0.434451,0.152439
500,2435.0,-0.802979,-0.015625,0.608398,-0.133384,0.476372,0.038110
501,2439.0,-0.802979,-0.017822,0.609375,-0.114329,0.426829,0.064787
502,2445.0,-0.805664,-0.016113,0.605469,-0.041921,0.434451,0.053354
503,2449.0,-0.804688,-0.014893,0.609131,-0.141006,0.453506,0.019055
504,2455.0,-0.804443,-0.015137,0.608887,-0.240091,0.411585,0.015244
505,2459.0,-0.802734,-0.014160,0.607422,-0.091463,0.506860,0.076220
506,2465.0,-0.802002,-0.015869,0.604492,-0.076220,0.464939,0.072409
507,2470.0,-0.807373,-0.014893,0.605469,-0.194360,0.407774,0.110518
508,2474.0,-0.805420,-0.011475,0.609619,-0.285823,0.487805,0.038110
509,2480.0,-0.801514,-0.013428,0.609863,-0.186738,0.445884,0.007622
510,2484.0,-0.800781,-0.015869,0.606934,-0.099085,0.506860,0.041921
511,2490.0,-0.807373,-0.015625,0.610840,-0.251524,0.575457,0.121951
512,2495.0,-0.805176,-0.014404,0.615234,-0.125762,0.537348,0.083841
513,2500.0,-0.800293,-0.015381,0.605713,-0.175305,0.510671,0.015244
514,2505.0,-0.802979,-0.014160,0.606689,-0.221037,0.449695,0.102896
515,2509.0,-0.803711,-0.013428,0.609131,-0.110518,0.419207,0.060976
516,2515.0,-0.805420,-0.015137,0.610107,-0.289634,0.461128,0.038110
517,2520.0,-0.803223,-0.016846,0.613037,-0.297256,0.503049,0.125762
518,2525.0,-0.778809,-0.019043,0.637695,-5.994665,0.613567,4.634146
519,2530.0,-0.676025,0.118652,0.757568,-36.303356,0.179116,29.310215
520,2536.0,-0.628418,0.242676,0.849609,-65.240089,2.823933,50.682167
521,2540.0,-0.654541,0.186523,0.792969,-72.831558,2.519055,58.159302
522,2544.0,-0.715576,0.115723,0.752441,-70.758387,2.148120,57.856964
523,2546.0,-0.718180,0.112061,0.727783,-69.721802,1.962652,57.705795
524,2550.0,-0.723389,0.104736,0.678467,-65.865089,1.223323,57.412350
525,2555.0,-0.687256,0.131348,0.713135,-70.068596,-0.312500,52.458080
526,2561.0,-0.698486,0.133057,0.720947,-67.378052,-1.200457,55.121952
527,2565.0,-0.704834,0.109863,0.729248,-66.821648,-0.503049,47.572411
528,2571.0,-0.711914,0.164551,0.735596,-53.319363,6.238567,52.187500
529,2575.0,-0.748535,0.192627,0.736816,-46.162350,1.135671,40.956554
530,2580.0,-0.668945,0.089600,0.729004,-47.064281,-2.125889,26.859121
531,2581.0,-0.692334,0.097412,0.736572,-47.244667,-2.778201,24.039635
532,2585.0,-0.785889,0.128662,0.766846,-36.089939,3.548018,34.752289
533,2590.0,-0.924805,-0.138184,0.508301,-43.338417,0.689787,29.885672
534,2596.0,-1.147949,-0.792236,0.031250,-45.282013,1.753049,33.616615
535,2600.0,-1.319336,-0.949707,-0.017822,-24.100611,4.702744,23.395580
536,2606.0,-0.835938,-0.101562,0.528076,-4.790397,-8.353659,19.047256
537,2610.0,-0.786865,0.002197,0.624023,-50.727898,2.191311,35.121952
538,2616.0,-0.849121,-0.073730,0.592773,-69.416924,3.837652,50.007622
539,2621.0,-0.738525,0.063232,0.691650,-79.321648,23.346037,36.585365
540,2625.0,-0.701660,0.079346,0.746826,-105.449699,38.262196,33.098324
541,2631.0,-0.682617,-0.013428,0.679199,-112.484756,23.959604,52.263721
542,2635.0,-0.753418,0.054932,0.720459,-88.647102,-7.919208,67.682930
543,2641.0,-0.781982,0.083008,0.649170,-87.168449,-6.745427,59.573174
544,2645.0,-0.786865,0.067627,0.640625,-103.875763,-9.028201,58.963417
545,2651.0,-0.828125,0.006836,0.711182,-114.862808,-14.256860,58.163113
546,2656.0,-0.783691,0.012939,0.752686,-121.627289,-2.820122,56.676830
547,2660.0,-0.751465,0.061768,0.772705,-124.874237,16.017530,59.733234
548,2666.0,-0.767578,0.059570,0.783203,-124.874237,30.026678,58.281250
549,2670.0,-0.730957,0.102051,0.785889,-124.801834,42.667683,55.811741
550,2676.0,-0.729980,0.102539,0.790527,-124.866615,53.372715,58.971039
551,2681.0,-0.635498,0.123047,0.760742,-121.802597,60.384911,56.246189
552,2687.0,-0.656006,0.091553,0.767090,-112.107475,64.535065,55.739330
553,2691.0,-0.600098,0.077637,0.738281,-99.314026,59.283539,54.012959
554,2695.0,-0.639404,0.056641,0.724121,-90.240097,52.766769,56.238567
555,2701.0,-0.665283,0.047119,0.696289,-80.228661,38.376526,60.472561
556,2706.0,-0.539062,0.070557,0.669434,-69.390244,18.643293,55.701221
557,2711.0,-0.701172,0.022461,0.664307,-60.735519,-0.693598,50.887959
558,2716.0,-0.724121,0.041748,0.647949,-52.580032,-16.547256,50.445885
559,2722.0,-0.715576,0.045654,0.660156,-45.522106,-23.235519,52.717228
560,2726.0,-0.647705,0.091064,0.703857,-34.767532,-34.115856,53.410824
561,2730.0,-0.757324,0.061768,0.686279,-23.208841,-43.410824,54.314026
562,2736.0,-0.745361,0.083740,0.637939,-17.031250,-50.838417,48.037350
563,2741.0,-0.795654,0.086670,0.617188,-13.841464,-57.480946,42.256100
564,2747.0,-0.764160,0.119629,0.616455,-9.569360,-59.455032,39.249237
565,2751.0,-0.837891,0.079590,0.615723,-5.720274,-59.634148,40.266769
566,2757.0,-0.908936,0.074707,0.584473,-6.337653,-54.508385,39.660824
567,2761.0,-0.922119,0.134766,0.773682,-5.952744,-55.598324,41.250000
568,2766.0,-0.943848,0.036621,0.732666,-12.323425,-16.189660,41.853406
569,2767.0,-0.921094,0.061523,0.675977,-13.597561,-8.307927,41.974087
570,2771.0,-0.830078,0.161133,0.449219,-21.269056,31.493904,53.776676
571,2776.0,-0.997314,0.162354,0.539062,-40.773628,4.569360,43.906250
572,2782.0,-0.913086,0.091309,0.637939,-58.772869,-11.615854,32.671494
573,2786.0,-0.759277,0.087158,0.546143,-63.307930,-6.897866,32.458080
574,2792.0,-0.866211,0.096191,0.598389,-55.731709,-6.352897,33.487045
575,2796.0,-0.753906,0.192139,0.766113,-38.650917,-3.967226,27.717226
576,2802.0,-0.684082,0.133789,0.597656,-20.819361,-3.475610,17.271341
577,2807.0,-0.806641,0.084473,0.580078,-14.805640,0.045732,16.059452
578,2811.0,-0.869385,0.080811,0.594238,-19.073933,3.147866,18.250763
579,2817.0,-0.837402,0.068359,0.599609,-30.171495,-2.583842,18.125000
580,2821.0,-0.892334,0.047607,0.533203,-42.339939,-5.632622,14.344513
581,2827.0,-0.811279,0.066650,0.564941,-38.399391,-0.358232,28.639482
582,2832.0,-0.955078,0.065918,0.504395,-38.014484,-1.532012,29.531250
583,2837.0,-0.865723,0.024414,0.540283,-49.740856,-8.940549,25.716463
584,2842.0,-0.885742,0.079102,0.394043,-44.710365,4.283537,33.033539
585,2846.0,-0.902100,0.048584,0.442139,-42.065548,-2.374238,30.990854
586,2852.0,-0.971436,-0.002930,0.456299,-39.946648,-3.376524,31.063263
587,2856.0,-0.847412,0.025146,0.447998,-33.925304,-0.712652,32.153202
588,2862.0,-0.927734,0.041260,0.388184,-29.245428,0.133384,30.461128
589,2867.0,-0.909180,0.013184,0.442139,-27.092226,-12.092226,24.176830
590,2873.0,-0.969482,-0.014404,0.466309,-18.673780,-11.112805,24.477898
591,2877.0,-0.935547,0.002930,0.434570,-10.922256,-21.112806,23.689026
592,2881.0,-0.915283,0.047119,0.441650,-3.368903,-24.448680,24.298781
593,2883.0,-0.913818,0.045573,0.454915,0.407774,-26.116617,24.603659
594,2887.0,-0.910889,0.042480,0.481445,1.429116,-39.790398,10.983232
595,2892.0,-0.867920,0.045410,0.507568,6.825458,-26.711128,10.914635
596,2897.0,-0.913330,0.053223,0.494385,12.690549,-19.024391,10.548780
597,2902.0,-0.924072,0.053223,0.529541,8.403201,-23.746189,-1.913110
598,2908.0,-0.878174,-0.003906,0.511719,6.379573,-18.170732,-6.040397
599,2912.0,-0.867432,0.007080,0.499023,11.364329,-12.564787,-1.783537
600,2916.0,-0.855957,0.055420,0.509521,16.956301,-9.119665,0.482724
601,2918.0,-0.854818,0.054850,0.522380,19.752287,-7.397104,1.615854
602,2922.0,-0.852539,0.053711,0.548096,24.138720,-1.364329,-1.741616
603,2927.0,-0.844238,0.026123,0.541992,23.559452,6.794970,-3.372714
604,2933.0,-0.824707,0.017090,0.521484,20.064787,13.963415,-2.435214
605,2937.0,-0.852783,0.040527,0.531250,13.212653,19.314024,-0.518293
606,2943.0,-0.841064,0.027344,0.501709,7.759147,25.129574,1.596799
607,2947.0,-0.853271,0.029785,0.521484,2.278964,27.343750,5.068598
608,2953.0,-0.876221,0.047607,0.564453,-6.185214,29.153965,6.349085
609,2957.0,-0.832520,0.019531,0.506104,-14.794208,30.076220,5.773628
610,2962.0,-0.918213,-0.020020,0.578369,-24.809452,28.315550,5.746952
611,2968.0,-0.970947,0.011719,0.592041,-18.677591,18.307928,17.545732
612,2972.0,-0.785400,-0.009277,0.588379,-17.797256,-6.402439,13.342226
613,2978.0,-0.831543,0.023438,0.553955,-16.421494,4.070122,20.689787
614,2982.0,-0.785889,0.052002,0.527100,-25.072409,0.396341,15.975610
615,2988.0,-0.783447,0.052490,0.532471,-29.756098,3.155488,22.519056
616,2993.0,-0.987793,0.059326,0.614258,-31.238567,3.022104,19.005337
617,2997.0,-0.699463,0.014648,0.484619,-29.679878,4.527439,16.653963
618,3003.0,-0.967773,0.041748,0.574707,-19.169209,5.255335,14.687500
619,3007.0,-0.870361,0.044189,0.557861,-14.561738,-0.068598,12.176067
620,3013.0,-0.830322,-0.017334,0.566406,-12.827744,-0.289634,12.961128
621,3018.0,-0.843506,0.023193,0.509033,-10.594512,0.457317,18.578506
622,3023.0,-0.850586,0.083008,0.512939,-11.131860,-2.964939,20.571648
623,3028.0,-0.855713,0.026123,0.516357,-19.233994,0.217226,13.456555
624,3032.0,-0.880127,-0.023926,0.551270,-24.702744,-1.009909,15.777439
625,3038.0,-0.928223,-0.012939,0.542725,-23.307928,-3.395579,15.148628
626,3042.0,-0.837646,-0.003906,0.575928,-15.342988,-3.387957,13.330793
627,3048.0,-0.854492,-0.058350,0.562988,-10.316311,6.722561,6.806403
628,3053.0,-0.859863,-0.038574,0.574951,-0.080030,-0.731707,7.221799
629,3059.0,-0.793945,0.103760,0.467285,4.786585,-2.557165,4.375000
630,3063.0,-0.867920,-0.108643,0.624512,-10.320122,1.772104,-9.039635
631,3067.0,-0.808838,-0.004883,0.534668,4.146341,1.238567,2.667683
632,3073.0,-0.841064,-0.023438,0.573486,2.534299,0.171494,-2.850610
633,3078.0,-0.840332,0.027832,0.504883,5.708842,0.476372,-1.101372
634,3083.0,-0.846680,-0.003174,0.533203,4.496951,3.368902,-4.123476
635,3088.0,-0.793945,-0.015869,0.486816,6.436738,1.230945,-7.728659
636,3094.0,-0.928223,-0.008057,0.526855,5.221037,1.093750,-8.559451
637,3098.0,-0.922852,-0.005127,0.463379,10.628811,-1.086128,-4.984756
638,3103.0,-0.839600,-0.002930,0.499023,14.071392,-2.302465,-6.515498
639,3104.0,-0.856836,-0.007568,0.496631,14.759909,-2.545732,-6.821647
640,3108.0,-0.925781,-0.026123,0.487061,15.049543,2.842988,-13.117378
641,3113.0,-0.881592,-0.062500,0.503174,15.846037,-3.719512,-17.846800
642,3119.0,-0.947266,-0.003906,0.491211,25.609756,3.548018,-16.120428
643,3123.0,-0.903320,-0.045898,0.466309,27.381861,1.341463,-21.532013
644,3129.0,-0.989502,-0.023682,0.483887,30.617378,-1.345274,-17.591463
645,3133.0,-0.863770,-0.085449,0.426514,28.540398,-2.084604,-16.905489
646,3139.0,-0.942383,-0.037354,0.475098,25.057165,-1.535823,-15.506860
647,3144.0,-0.912598,-0.043945,0.482666,28.285061,0.228659,-16.589178
648,3148.0,-0.874756,-0.064453,0.495361,32.374237,-1.977896,-21.505337
649,3154.0,-1.003418,-0.022705,0.527344,35.895580,5.121951,-23.201220
650,3158.0,-0.864990,-0.067871,0.498291,35.476372,-0.411585,-25.735519
651,3164.0,-0.911865,-0.021484,0.528076,39.885674,-0.038110,-23.879574
652,3168.0,-0.926270,-0.009277,0.532471,38.765244,-2.282774,-26.337652
653,3174.0,-0.858887,-0.043457,0.501221,39.455032,3.105945,-25.499239
654,3179.0,-0.952637,-0.032227,0.515625,43.079269,-0.350610,-27.061739
655,3183.0,-0.876465,-0.102295,0.512451,46.558689,-5.198171,-33.224087
656,3189.0,-0.893311,-0.114746,0.477295,59.188263,3.262195,-30.621189
657,3193.0,-0.964355,-0.088379,0.465820,64.123474,-1.459604,-33.814789
658,3199.0,-0.865723,-0.137695,0.439453,64.477898,-5.407774,-39.470276
659,3204.0,-0.907959,-0.155029,0.363770,69.253052,2.362805,-37.816311
660,3209.0,-0.978516,-0.107178,0.457520,72.911591,-0.358232,-36.375763
661,3214.0,-0.973877,-0.125000,0.489014,70.141006,0.880335,-42.713417
662,3218.0,-0.932129,-0.167480,0.421631,69.188263,-2.872205,-45.530998
663,3220.0,-0.948079,-0.145426,0.452393,68.711891,-4.748476,-46.939789
664,3224.0,-0.979980,-0.101318,0.513916,74.413109,2.233232,-48.330795
665,3228.0,-0.858887,-0.154297,0.491211,73.083084,-6.391006,-54.458843
666,3234.0,-0.879883,-0.117188,0.591064,77.195122,2.587652,-56.516769
667,3239.0,-0.871338,-0.154541,0.493164,79.264481,3.532774,-60.342991
668,3245.0,-0.835693,-0.148438,0.572266,82.320885,-3.868140,-60.823174
669,3249.0,-0.864258,-0.136230,0.647461,82.766769,-2.766768,-60.152439
670,3253.0,-0.800049,-0.166504,0.641846,81.021347,1.181402,-60.125763
671,3259.0,-0.774414,-0.136230,0.724609,79.771347,-1.196646,-58.399391
672,3264.0,-0.800293,-0.164307,0.607178,77.766769,-3.266006,-57.256100
673,3270.0,-0.678467,-0.218750,0.700928,73.902443,-1.265244,-54.211128
674,3274.0,-0.730957,-0.229004,0.705322,73.426071,-0.064787,-49.927593
675,3280.0,-0.727295,-0.219482,0.667236,66.204269,-3.704268,-51.833080
676,3284.0,-0.749512,-0.232666,0.565430,64.927589,2.980183,-44.695122
677,3290.0,-0.703857,-0.248535,0.628906,61.261433,0.125762,-46.463417
678,3294.0,-0.804932,-0.178711,0.696045,59.740856,1.817835,-44.138721
679,3299.0,-0.747559,-0.196533,0.683838,56.166161,-1.021341,-44.767532
680,3305.0,-0.810059,-0.184326,0.672852,53.502289,-2.888720,-46.878811
681,3309.0,-0.796875,-0.180664,0.719238,51.821648,-3.311738,-42.602898
682,3315.0,-0.733398,-0.222656,0.632324,44.089176,1.939787,-41.764484
683,3319.0,-0.717773,-0.227051,0.614990,38.532776,1.772104,-41.135674
684,3325.0,-0.874512,-0.156738,0.716553,34.500763,0.274390,-40.762196
685,3330.0,-0.685059,-0.209961,0.667480,29.371189,-4.230183,-39.310215
686,3334.0,-0.672852,-0.236816,0.612549,30.948935,4.108232,-37.054115
687,3340.0,-0.757812,-0.202881,0.670166,28.959604,2.496189,-35.987045
688,3344.0,-0.840332,-0.191895,0.662354,23.997713,-1.661585,-31.859756
689,3350.0,-0.657471,-0.219482,0.733643,22.968750,-1.627287,-31.871189
690,3354.0,-0.695801,-0.199707,0.687256,25.910824,1.143293,-30.632622
691,3360.0,-0.784912,-0.137939,0.752930,24.275915,1.269055,-30.468750
692,3365.0,-0.929199,-0.090820,0.712646,22.465702,-0.823171,-32.088417
693,3369.0,-0.687012,-0.153320,0.739258,25.762196,0.453506,-30.141006
694,3375.0,-0.634521,-0.184814,0.742676,29.778965,1.638720,-29.645580
695,3379.0,-0.698486,-0.150879,0.749023,32.633385,-1.398628,-30.407776
696,3385.0,-0.834229,-0.081787,0.718262,33.628048,-0.499238,-32.012196
697,3390.0,-0.690918,-0.158447,0.632080,37.065548,2.149390,-33.460365
698,3395.0,-0.717285,-0.136475,0.677002,38.708080,-2.343750,-38.258385
699,3400.0,-0.862793,-0.063721,0.670410,44.226372,1.825457,-41.451984
700,3404.0,-0.774170,-0.122803,0.570801,47.165906,1.215701,-45.710112
701,3406.0,-0.773356,-0.109375,0.597249,48.635674,0.910823,-47.839176
702,3410.0,-0.771729,-0.082520,0.650146,49.771343,1.154726,-53.311741
703,3415.0,-0.886719,-0.081299,0.604248,49.443600,1.920732,-57.892532
704,3420.0,-0.801270,-0.081543,0.669678,51.242378,-3.929116,-56.562500
705,3425.0,-0.735596,-0.107422,0.654541,55.080032,0.442073,-60.865093
706,3431.0,-0.755615,-0.113037,0.613525,55.518295,2.404726,-66.131859
707,3435.0,-0.843506,-0.170898,0.712158,54.287350,-0.975610,-65.442078
708,3439.0,-0.741943,-0.113037,0.578125,60.730440,0.955285,-54.380084
709,3441.0,-0.749919,-0.106445,0.615885,63.951984,1.920732,-48.849087
710,3445.0,-0.765869,-0.093262,0.691406,48.917683,-1.398628,-48.860519
711,3450.0,-0.666016,-0.125000,0.719727,38.258385,4.485518,-48.003052
712,3456.0,-0.784668,-0.032471,0.660400,39.790398,18.025915,-36.825459
713,3460.0,-0.867188,-0.071533,0.768066,14.150153,5.125762,-44.710365
714,3466.0,-0.604004,-0.071289,0.622559,3.692836,0.301067,-42.339939
715,3470.0,-0.806641,-0.114502,0.799805,-7.980183,6.642530,-39.405487
716,3476.0,-0.618408,-0.090332,0.652832,2.477134,5.605945,-30.118141
717,3480.0,-0.803955,-0.135498,0.750488,-4.935214,6.890244,-31.490091
718,3485.0,-0.799561,-0.154541,0.744141,-0.720274,1.345274,-25.743141
719,3491.0,-0.650635,-0.057129,0.701172,1.246189,2.736280,-26.455793
720,3495.0,-0.817139,-0.076172,0.747070,-4.984756,4.527439,-31.745428
721,3501.0,-0.701904,-0.011963,0.789062,-0.068598,7.450458,-40.811737
722,3505.0,-0.758301,-0.094482,0.937012,-4.695122,19.054878,-55.327744
723,3511.0,-0.776855,-0.220703,1.086426,-6.124238,28.578506,-57.259911
724,3516.0,-0.805176,-0.291992,1.123047,-14.870427,30.727898,-53.353661
725,3520.0,-0.799316,-0.256104,1.058105,-22.397104,22.275152,-45.224850
726,3526.0,-0.755615,-0.169922,0.926025,-19.051067,10.682165,-36.036587
727,3530.0,-0.695557,-0.094238,0.750488,-8.734756,-1.924543,-31.158537
728,3536.0,-0.660156,-0.053467,0.574951,-0.937500,-15.064787,-31.634909
729,3541.0,-0.666016,-0.017090,0.432617,1.974085,-27.046495,-31.806404
730,3546.0,-0.667480,0.019775,0.354248,4.977134,-34.691311,-26.661587
731,3551.0,-0.656982,0.029785,0.350830,9.988567,-34.596039,-19.039635
732,3555.0,-0.656738,0.003418,0.399902,13.946901,-30.025407,-16.166159
733,3557.0,-0.663574,-0.013428,0.427653,15.926067,-27.740091,-14.729421
734,3561.0,-0.677246,-0.047119,0.483154,20.716463,-16.608232,-14.576982
735,3565.0,-0.719238,-0.098145,0.559082,22.419970,-6.646342,-15.659299
736,3571.0,-0.759277,-0.132812,0.619385,21.208080,-0.217226,-15.766006
737,3576.0,-0.792725,-0.136719,0.655518,17.320885,2.942073,-14.504574
738,3582.0,-0.806396,-0.128174,0.686523,12.237043,3.658537,-11.547256
739,3586.0,-0.796631,-0.121582,0.716309,6.360518,2.275152,-7.694360
740,3590.0,-0.775879,-0.115967,0.752930,0.560213,-0.175305,-4.439787
741,3596.0,-0.754883,-0.118164,0.784912,-3.521342,-1.463415,-2.206555
742,3601.0,-0.727051,-0.124268,0.792480,-6.913110,-1.932165,-0.510671
743,3606.0,-0.703857,-0.125977,0.786377,-9.942836,-2.458079,1.028963
744,3611.0,-0.696045,-0.126221,0.767822,-12.157013,-2.355183,1.490091
745,3617.0,-0.695801,-0.125977,0.743164,-14.561738,-1.909299,0.434451
746,3621.0,-0.711182,-0.118408,0.715576,-16.821648,-0.148628,-1.699695
747,3625.0,-0.734131,-0.108887,0.687744,-17.606709,0.887957,-3.559451
748,3627.0,-0.740885,-0.109049,0.680990,-17.999239,1.406250,-4.489329
749,3631.0,-0.754395,-0.109375,0.667480,-18.025915,1.436738,-7.237043
750,3636.0,-0.768066,-0.100586,0.648926,-18.864330,1.733994,-5.617378
751,3642.0,-0.783447,-0.062012,0.605225,-17.717226,2.412348,-2.183689
752,3646.0,-0.783203,-0.065186,0.586426,-13.326982,0.224848,-3.445122
753,3652.0,-0.758301,-0.092773,0.583496,-13.887196,-1.078506,-4.794208
754,3656.0,-0.752441,-0.094482,0.577393,-16.097561,0.015244,-2.526677
755,3662.0,-0.753174,-0.083496,0.580078,-16.013720,0.114329,0.457317
756,3666.0,-0.746338,-0.087158,0.578125,-15.983232,-1.745427,2.576220
757,3671.0,-0.732422,-0.096191,0.575684,-16.570122,-3.403201,4.923780
758,3677.0,-0.723145,-0.099121,0.565674,-16.185213,-3.624238,6.993140
759,3681.0,-0.708496,-0.089600,0.557129,-16.044209,-2.858232,8.765244
760,3687.0,-0.696289,-0.080811,0.551025,-16.756861,-1.585366,10.483994
761,3691.0,-0.688721,-0.075684,0.539551,-16.840702,-0.358232,12.397104
762,3697.0,-0.680664,-0.072266,0.534424,-15.998476,0.407774,15.087653
763,3702.0,-0.677490,-0.066895,0.536377,-15.331555,1.162348,18.250763
764,3706.0,-0.674561,-0.061768,0.564941,-16.440550,2.084604,21.425306
765,3712.0,-0.664551,-0.063232,0.619385,-19.211128,3.548018,24.123476
766,3716.0,-0.674316,-0.069824,0.673096,-21.116617,5.857470,25.621189
767,3722.0,-0.699219,-0.081787,0.723633,-22.198933,6.265244,26.368141
768,3727.0,-0.722168,-0.090576,0.757812,-23.689026,3.502287,26.909300
769,3732.0,-0.738037,-0.089355,0.782715,-26.280489,-2.259909,28.079269
770,3737.0,-0.750977,-0.079102,0.803467,-29.115854,-8.467988,29.283537
771,3741.0,-0.765625,-0.066650,0.807373,-30.264228,-11.991870,29.517277
772,3743.0,-0.770020,-0.065186,0.803955,-30.838415,-13.753811,29.634148
773,3747.0,-0.778809,-0.062256,0.797119,-31.634909,-18.079269,29.291159
774,3751.0,-0.785400,-0.063721,0.785889,-32.743904,-20.773628,29.173019
775,3757.0,-0.787842,-0.061035,0.761963,-33.094513,-20.415398,31.684452
776,3762.0,-0.799316,-0.043213,0.726074,-30.727898,-17.042683,37.637196
777,3768.0,-0.803955,-0.023193,0.708496,-29.794209,-14.717988,39.146343
778,3772.0,-0.795166,-0.025635,0.710205,-37.301830,-12.587653,36.211891
779,3776.0,-0.796143,-0.036621,0.721924,-41.829268,-9.259401,35.515752
780,3778.0,-0.799072,-0.037516,0.721354,-44.092987,-7.595274,35.167683
781,3782.0,-0.804932,-0.039307,0.720215,-44.630337,-1.425305,35.766006
782,3787.0,-0.800293,-0.033691,0.706055,-43.772865,3.140244,36.440548
783,3792.0,-0.810791,-0.009277,0.663818,-42.237045,7.004573,37.477135
784,3797.0,-0.851318,0.134033,0.623779,-37.198933,8.460366,35.358234
785,3803.0,-0.819336,0.236084,0.758545,-29.980946,7.439024,24.283537
786,3807.0,-0.733643,0.085938,0.998779,-21.326220,25.247713,14.858994
787,3813.0,-0.687744,-0.176025,1.123047,-35.685978,57.583843,17.469513
788,3817.0,-0.651367,-0.322021,1.074707,-69.230186,66.139481,32.076981
789,3822.0,-0.609375,-0.204590,0.928955,-88.426071,43.795734,47.439026
790,3828.0,-0.570557,0.013184,0.689209,-80.659302,9.653201,53.704269
791,3832.0,-0.536621,0.228027,0.462646,-62.660061,-23.441311,53.330795
792,3838.0,-0.550781,0.328125,0.351318,-32.454269,-49.470276,43.094513
793,3842.0,-0.575439,0.244141,0.425049,-1.455793,-62.244667,27.366617
794,3848.0,-0.591797,0.073242,0.553223,8.715701,-53.677593,23.155489
795,3853.0,-0.628662,-0.053711,0.656738,4.737043,-30.171495,37.107471
796,3857.0,-0.723633,-0.041992,0.724121,3.178354,-6.844512,59.874241
797,3863.0,-0.754883,0.025391,0.717285,-10.632622,-1.242378,63.986282
798,3867.0,-0.722412,0.041748,0.698730,-35.926067,-6.471037,53.147865
799,3873.0,-0.728027,0.070557,0.699219,-44.256863,-8.605184,48.262196
800,3877.0,-0.811768,0.038330,0.884277,-32.862045,-2.378049,52.606709
801,3883.0,-0.793213,0.164551,0.680908,22.690550,35.373478,95.259148
802,3888.0,-0.973877,0.132080,0.720703,34.176830,35.312500,97.865852
803,3892.0,-0.982422,0.127930,0.758545,15.514482,7.286585,87.690552
804,3898.0,-0.747314,0.142578,0.808838,-17.012196,-5.327744,52.679115
805,3902.0,-0.788818,0.128418,0.783447,-50.247715,-0.564024,18.772867
806,3908.0,-0.750244,0.095215,0.796875,-67.629578,-1.265244,7.907774
807,3913.0,-0.682617,0.119873,0.784180,-62.035061,6.821647,17.164635
808,3918.0,-0.680664,0.149902,0.765381,-57.686741,11.646341,26.455793
809,3923.0,-0.671387,0.166260,0.732178,-53.719513,12.629574,33.292683
810,3927.0,-0.655029,0.162598,0.720215,-51.882622,9.241616,35.994667
811,3933.0,-0.648682,0.147217,0.729248,-54.279728,4.424543,36.909298
812,3937.0,-0.653076,0.141113,0.736572,-56.650154,0.190549,38.677593
813,3943.0,-0.662354,0.146484,0.737305,-58.044971,-4.104421,40.602135
814,3948.0,-0.674072,0.150391,0.737549,-59.012959,-7.324695,42.358994
815,3954.0,-0.684570,0.159180,0.729980,-60.099087,-10.259147,43.730946
816,3958.0,-0.694336,0.167236,0.728516,-60.777439,-12.545732,45.011433
817,3962.0,-0.757812,0.146484,0.737549,-60.073681,-12.548273,46.662856
818,3964.0,-0.771403,0.140055,0.766032,-59.721802,-12.549543,47.488567
819,3968.0,-0.798584,0.127197,0.822998,-51.836891,-14.428354,56.977898
820,3973.0,-0.692627,0.211670,0.598389,-37.835365,1.269055,65.971802
821,3978.0,-0.829102,0.150635,0.698242,-52.789635,-8.090701,48.807167
822,3983.0,-0.799316,0.171143,0.627197,-45.179115,-2.278964,57.595276
823,3989.0,-0.838867,0.151855,0.651123,-43.761433,-1.772104,54.725613
824,3993.0,-0.844238,0.143311,0.606201,-40.110519,0.887957,57.663872
825,3999.0,-0.774414,0.151123,0.608643,-35.914635,3.936738,57.991615
826,4003.0,-0.775635,0.187012,0.574951,-23.605183,12.583841,68.376526
827,4008.0,-0.960449,0.206543,0.574951,-14.565549,12.469513,72.850609
828,4014.0,-1.044434,0.074463,0.719971,-24.306402,-12.694360,55.544971
829,4018.0,-0.614746,0.186279,0.455811,-27.358995,-12.728659,52.500000
830,4024.0,-0.794434,0.196777,0.576660,-32.160824,-19.657013,42.785824
831,4028.0,-0.822754,0.207764,0.608398,-32.431404,-8.285061,41.634911
832,4034.0,-0.703613,0.227783,0.526855,-33.048782,0.449695,45.247715
833,4039.0,-0.883545,0.188965,0.657959,-28.071648,7.282774,52.042683
834,4043.0,-0.813721,0.212402,0.576660,-16.044209,12.134147,56.128052
835,4049.0,-0.839844,0.176270,0.612793,-30.224848,2.751524,38.506100
836,4053.0,-0.679199,0.210205,0.605469,-47.115093,0.514482,30.937500
837,4059.0,-0.821777,0.135498,0.572021,-53.593750,1.943598,30.282013
838,4063.0,-0.785400,0.234619,0.686768,-43.883385,3.833842,43.182167
839,4069.0,-0.725830,0.195068,0.617676,-52.096039,3.281250,31.924543
840,4074.0,-0.814209,0.103516,0.715576,-55.926067,6.059452,33.372715
841,4078.0,-0.792236,0.184570,0.643799,-51.510418,8.841464,38.779219
842,4080.0,-0.728678,0.182943,0.622070,-49.302593,10.232470,41.482471
843,4084.0,-0.601562,0.179688,0.578613,-58.361282,2.065549,35.118141
844,4088.0,-0.808594,0.136719,0.666260,-62.187500,3.750000,36.394817
845,4094.0,-0.823486,0.124268,0.676514,-61.028965,4.885671,41.676830
846,4099.0,-0.744873,0.145264,0.576172,-63.395580,3.239329,44.367378
847,4104.0,-0.742432,0.119873,0.631592,-63.025917,1.703506,48.810978
848,4109.0,-0.821777,0.157959,0.639648,-67.507622,1.383384,48.753811
849,4113.0,-0.879883,0.135742,0.661133,-69.397865,4.173018,52.404728
850,4119.0,-0.823486,0.107422,0.548828,-67.576218,3.548018,55.190552
851,4124.0,-0.681152,0.139893,0.500732,-67.587654,3.292683,57.557167
852,4129.0,-0.956787,0.117920,0.602783,-71.406250,5.068598,57.892532
853,4134.0,-0.944336,0.083252,0.548828,-70.830795,3.151677,59.058689
854,4140.0,-0.706055,0.130859,0.478027,-69.756096,1.836890,57.675304
855,4144.0,-0.907471,0.166016,0.504150,-70.060974,-0.232470,54.695122
856,4150.0,-0.833740,0.092529,0.539062,-69.531250,-1.814024,51.928356
857,4154.0,-0.925781,0.138916,0.537354,-59.977135,0.426829,54.310215
858,4159.0,-0.916992,0.130127,0.551758,-60.541161,-1.326220,50.274391
859,4165.0,-1.039307,0.091553,0.583008,-55.613567,-1.097561,50.022865
860,4169.0,-0.741455,0.172363,0.421387,-57.366615,-4.432165,43.765244
861,4175.0,-0.706543,0.067871,0.527832,-58.589939,-5.876524,41.326221
862,4179.0,-0.864014,0.105469,0.536865,-46.269054,4.348323,50.682167
863,4185.0,-1.000732,0.097900,0.610596,-48.921494,-1.135671,45.525917
864,4189.0,-0.746826,0.031982,0.519287,-51.970276,-4.531250,40.922256
865,4194.0,-0.854736,0.080322,0.545898,-47.911587,0.388720,44.230183
866,4200.0,-1.035889,0.036621,0.594971,-50.080032,-1.234756,42.549545
867,4204.0,-0.743408,0.086426,0.458740,-47.137959,3.730945,46.916924
868,4210.0,-0.864014,0.104980,0.465576,-48.330795,-0.567835,42.869667
869,4214.0,-0.910889,0.032227,0.550049,-52.961128,-2.572409,36.977898
870,4220.0,-0.741455,0.072754,0.436035,-47.419971,1.013720,39.203506
871,4225.0,-0.924561,0.109375,0.504639,-44.565548,0.354421,37.595276
872,4229.0,-0.926270,0.012207,0.620850,-45.895580,3.220274,34.344513
873,4235.0,-1.055176,0.049316,0.574463,-41.067074,5.537348,36.269054
874,4239.0,-0.778564,0.095947,0.409180,-45.647865,0.544969,30.907013
875,4245.0,-0.921875,0.021484,0.570801,-44.424545,0.552592,31.985519
876,4249.0,-0.886475,0.064941,0.527832,-40.956554,-0.796494,30.068598
877,4255.0,-0.802490,0.036621,0.566162,-36.730183,1.230945,30.743141
878,4260.0,-1.066162,0.107178,0.549805,-36.642532,1.493902,27.031250
879,4264.0,-0.697754,0.051514,0.498779,-36.942329,2.403455,25.788872
880,4266.0,-0.767904,0.045329,0.532145,-37.092228,2.858232,25.167683
881,4270.0,-0.908203,0.032959,0.598877,-33.128811,3.776677,23.738567
882,4274.0,-0.941895,0.017090,0.599854,-33.227898,0.956555,23.913872
883,4280.0,-0.777100,0.123047,0.513672,-26.787348,7.099848,28.292683
884,4285.0,-0.864746,0.029053,0.576660,-36.573933,-3.414634,13.266006
885,4291.0,-0.924316,0.061035,0.599365,-30.647867,2.610518,19.939024
886,4295.0,-0.968262,0.050781,0.588623,-21.901678,5.598323,24.028202
887,4299.0,-0.860107,0.084717,0.532715,-23.466719,3.400661,22.069360
888,4301.0,-0.859049,0.069255,0.538574,-24.249239,2.301829,21.089939
889,4305.0,-0.856934,0.038330,0.550293,-30.038111,-1.612043,15.727897
890,4310.0,-0.779297,0.047852,0.505127,-26.794970,1.981707,17.522867
891,4315.0,-0.839111,0.090332,0.504883,-20.262959,6.013720,20.278202
892,4320.0,-0.830811,0.066650,0.492676,-23.220276,-0.087652,13.673780
893,4326.0,-1.029297,0.070557,0.551025,-24.615091,1.768293,12.157013
894,4330.0,-0.770020,0.025635,0.469727,-20.331554,-0.967988,15.967988
895,4336.0,-0.916504,0.079346,0.518311,-15.228659,3.913872,23.624239
896,4340.0,-0.894287,0.055176,0.502197,-20.682165,-3.696646,14.954268
897,4345.0,-0.892822,0.002441,0.581787,-17.309452,-3.033537,16.451982
898,4351.0,-0.862305,0.109131,0.477539,-12.324696,-2.469512,21.234756
899,4355.0,-0.812988,0.006592,0.604980,-16.913111,-5.297256,14.062500
900,4361.0,-0.854004,0.045654,0.533447,-13.338415,-2.671494,15.781250
901,4365.0,-0.819580,0.110840,0.480713,-9.336890,-4.546494,16.021341
902,4371.0,-0.872070,0.020752,0.610840,-15.015244,-4.176829,10.179116
903,4375.0,-0.841309,0.060791,0.580078,-9.664635,-3.464177,12.503811
904,4380.0,-0.821777,0.095947,0.548584,-5.232470,-2.782012,12.046494
905,4386.0,-0.838623,0.093994,0.579834,-9.889482,-4.020579,10.693598
906,4390.0,-0.822754,0.022705,0.655762,-9.687500,1.505335,15.259147
907,4396.0,-0.714844,0.105469,0.540283,-6.356708,-1.753049,14.794208
908,4400.0,-0.738037,0.028320,0.664551,-17.111280,-2.892530,3.121189
909,4406.0,-0.818604,0.025146,0.655273,-11.493903,6.882622,14.409299
910,4411.0,-0.851074,0.062744,0.642822,-4.451220,2.644817,19.024391
911,4415.0,-0.749756,0.061035,0.650391,4.138720,-1.939787,20.007622
912,4421.0,-0.772949,0.068604,0.649170,11.337653,-4.153964,20.323933
913,4425.0,-0.765869,0.044922,0.633301,12.324696,-6.436738,18.368902
914,4431.0,-0.797363,0.076172,0.618652,14.839939,-9.317836,17.793446
915,4436.0,-0.802002,0.107910,0.621094,18.559452,-5.579268,19.798019
916,4441.0,-0.827393,0.107910,0.587158,17.157013,-3.841464,19.237804
917,4446.0,-0.845215,0.115967,0.551758,19.230183,1.791159,22.713415
918,4452.0,-0.949219,0.156006,0.520264,19.740854,3.456555,22.290398
919,4456.0,-0.915283,0.129150,0.455811,23.929117,-0.083841,19.653202
920,4460.0,-0.979492,0.117188,0.436523,29.504574,0.506860,19.241617
921,4466.0,-0.968750,0.106934,0.449951,33.201221,-5.228659,19.973324
922,4471.0,-0.984131,0.093750,0.450928,32.442837,1.006098,25.453506
923,4477.0,-1.052002,0.085693,0.335205,25.118141,1.951220,34.630337
924,4481.0,-1.134277,0.179199,0.361816,25.278202,-10.114329,31.471037
925,4485.0,-1.063477,0.149414,0.255127,30.227388,-17.500001,25.005082
926,4487.0,-1.069092,0.161458,0.274333,32.701981,-21.192837,21.772104
927,4491.0,-1.080322,0.185547,0.312744,37.450459,-30.758385,15.750763
928,4496.0,-1.039307,0.166016,0.320557,42.206554,-38.319359,10.659299
929,4501.0,-1.001953,0.177490,0.366455,48.391769,-42.035061,9.458841
930,4506.0,-0.963623,0.163818,0.382324,49.607471,-41.326221,7.069360
931,4512.0,-0.955811,0.160889,0.409424,50.217228,-39.218750,2.549543
932,4516.0,-0.973877,0.154297,0.447021,49.752289,-35.613567,-3.921494
933,4522.0,-0.983154,0.138428,0.482178,46.017532,-32.919209,-10.483994
934,4526.0,-0.955811,0.121582,0.524170,41.200459,-30.457317,-14.542684
935,4531.0,-0.926514,0.128662,0.566406,37.431404,-27.054117,-18.281250
936,4537.0,-0.909180,0.141357,0.618164,34.092987,-23.567074,-22.442837
937,4541.0,-0.899658,0.144775,0.656250,33.826221,-20.415398,-25.792683
938,4547.0,-0.893311,0.146240,0.650879,36.897865,-15.769817,-27.210367
939,4551.0,-0.886475,0.137451,0.635986,37.903965,-13.864329,-29.424543
940,4557.0,-0.885010,0.132080,0.624756,39.447411,-15.899390,-32.004574
941,4562.0,-0.876221,0.133789,0.607178,42.012196,-19.233994,-32.892532
942,4566.0,-0.869873,0.122803,0.577881,44.771343,-20.476372,-33.182167
943,4572.0,-0.868896,0.113525,0.551758,44.089176,-21.909300,-34.961891
944,4576.0,-0.884521,0.099365,0.525146,44.900917,-24.138720,-37.789635
945,4582.0,-0.903076,0.090088,0.501465,44.470276,-25.548780,-40.019054
946,4586.0,-0.920654,0.080322,0.495605,41.844513,-27.534300,-42.446648
947,4592.0,-0.940430,0.051270,0.512695,38.254574,-30.217226,-44.904728
948,4597.0,-0.944824,0.073486,0.528564,36.223324,-33.311737,-45.826984
949,4601.0,-0.967773,0.104248,0.538574,41.406251,-36.507876,-48.817328
950,4603.0,-0.973714,0.100586,0.545003,43.997715,-38.105946,-50.312500
951,4607.0,-0.985596,0.093262,0.557861,45.678356,-44.794209,-59.855183
952,4611.0,-1.000488,0.055420,0.611084,42.480946,-51.730183,-70.586891
953,4617.0,-1.010254,0.034180,0.625488,39.481709,-55.522106,-76.284302
954,4622.0,-1.010254,0.011475,0.641357,34.039635,-62.469513,-82.743904
955,4627.0,-0.989258,-0.021973,0.679688,27.000763,-72.237045,-89.485519
956,4632.0,-0.948730,-0.018799,0.736572,18.216463,-80.384911,-96.299545
957,4636.0,-0.934326,0.001953,0.805420,13.986280,-83.387957,-102.961131
958,4638.0,-0.941813,-0.002279,0.824219,11.871189,-84.889481,-106.291924
959,4642.0,-0.956787,-0.010742,0.861816,7.652439,-88.936737,-120.320122
960,4646.0,-0.979004,-0.058105,0.917725,4.253049,-96.162354,-124.874237
961,4652.0,-1.002197,-0.109131,0.950195,-1.147104,-107.785828,-124.874237
962,4657.0,-1.010742,-0.101074,0.967773,-10.373476,-123.029732,-124.752289
963,4663.0,-1.008057,-0.095703,0.961914,-23.528963,-124.874237,-124.874237
964,4667.0,-1.006836,-0.128906,0.959473,-25.510672,-124.706558,-124.874237
965,4673.0,-1.025879,-0.181885,0.969482,-16.646341,-124.805641,-124.874237
966,4677.0,-1.028076,-0.200195,0.972656,5.807927,-124.874237,-124.874237
967,4682.0,-0.983154,-0.132812,0.917480,30.998476,-124.874237,-124.874237
968,4687.0,-0.893555,-0.075928,0.854004,48.105946,-124.874237,-124.874237
969,4692.0,-0.819092,-0.048096,0.801758,67.903961,-124.874237,-124.874237
970,4698.0,-0.756592,-0.036133,0.745361,90.628815,-124.874237,-124.874237
971,4702.0,-0.687988,-0.063965,0.667480,107.191315,-124.874237,-124.874237
972,4708.0,-0.656738,-0.108643,0.607422,114.828506,-124.874237,-124.874237
973,4712.0,-0.632812,-0.140381,0.581055,111.577744,-124.874237,-124.874237
974,4717.0,-0.604980,-0.112549,0.549805,105.308693,-124.874237,-124.874237
975,4723.0,-0.528809,0.013672,0.469482,100.960365,-124.874237,-124.874237
976,4727.0,-0.560547,-0.025146,0.526611,100.564026,-124.874237,-124.874237
977,4733.0,-0.653076,-0.118408,0.604980,108.925308,-124.874237,-124.874237
978,4737.0,-0.574707,-0.006592,0.467773,122.949699,-124.874237,-124.874237
979,4743.0,-0.449219,0.148438,0.406250,124.874237,-124.874237,-124.874237
980,4748.0,-0.322510,0.224609,0.366211,124.721802,-124.874237,-124.874237
981,4752.0,-0.192139,0.260010,0.317871,124.805641,-124.874237,-124.874237
982,4758.0,-0.066162,0.306885,0.274170,124.874237,-124.874237,-124.874237
983,4762.0,0.082764,0.332764,0.244385,124.874237,-124.874237,-124.874237
984,4768.0,0.287842,0.315918,0.241943,124.874237,-124.874237,-124.874237
985,4772.0,0.522217,0.439697,0.212891,111.368141,-124.874237,-124.874237
986,4778.0,0.745117,0.844238,0.203613,94.108231,-124.874237,-124.874237
987,4783.0,0.811035,0.718506,0.385742,120.491615,-124.874237,-124.874237
988,4787.0,0.879150,0.341553,0.511719,51.272865,-124.874237,-124.874237
989,4793.0,0.769043,0.231934,0.647705,-94.291161,-124.874237,-124.874237
990,4797.0,0.588867,0.244141,0.730469,-124.874237,-124.874237,-124.874237
991,4803.0,0.442139,0.348145,0.713867,-124.016769,-124.874237,-109.565552
992,4808.0,0.345459,0.314453,0.556641,-123.929115,-124.874237,-33.323170
993,4813.0,0.573242,0.123291,0.572266,-124.874237,-124.874237,35.922256
994,4818.0,0.586182,-0.066406,0.638916,-124.874237,-124.874237,113.910065
995,4822.0,0.551758,-0.250244,0.626465,-124.858994,-124.874237,121.219513
996,4824.0,0.570312,-0.138590,0.703288,-124.851372,-124.874237,124.874237
997,4828.0,0.607422,0.084717,0.856934,-124.874237,-124.874237,123.967232
998,4832.0,0.505615,0.301514,1.073730,-124.874237,-124.874237,124.466469
999,4838.0,0.436523,0.123047,1.071045,-124.874237,-124.874237,124.874237
