,timestamp,x_acc,y_acc,z_acc,x_gyro,y_gyro,z_gyro
0,0.0,-0.02120999139412241,-0.001296453965878263,1.0111987890084746,0.1649425386964577,-0.09690545679751515,0.035566396408258164
1,11.0,-0.02140151251897426,0.0037478619578479744,1.0222653328975455,0.1649425386964577,-0.09690545679751515,0.035566396408258164
2,21.0,-0.02393396030765021,0.0012080169697000662,1.0222917963453582,0.10587171424259678,-0.10735628225417203,0.12248873665006028
3,31.0,-0.02220022837571798,0.000521943945191764,1.0231162225053003,0.10185098604344478,0.03576970993911725,0.00864230514725485
4,40.0,-0.022771382928758143,-0.0007432130727769277,1.0242671012839373,0.10264387367703565,-0.049904822518416145,-0.0011196623310530673
5,50.0,-0.021649123080503006,-0.0012866941445867045,1.0193172318847747,0.04302569412371471,-0.0983215163681767,0.03809189993150605
6,61.0,-0.020857935271851754,-0.0010956825605899691,1.02222324010564,0.040345208657613485,-0.00290418823931711,-0.037805721070364194
7,71.0,-0.019954952110844644,0.002326197207812863,1.0264274318373012,0.10185098604344478,0.03576970993911725,0.00864230514725485
8,81.0,-0.021560477742731583,0.0023078411701922133,1.019717838809205,-0.02006585852929821,0.034353650368455765,0.011167808670502752
9,91.0,-0.022086805956784406,0.0010561183817986161,1.0230028931704598,0.04223280649012401,-0.012646983910643297,0.04785386740981397
10,102.0,-0.023522165468966412,0.0013015150437641935,1.024512335875348,0.04357304922317462,-0.06035564797507305,0.08580267791074907
11,110.0,-0.022340802509099304,-0.000768440929245367,1.021523889267195,0.04206297095716627,-0.05256141143801214,0.01727500712660658
12,112.0,-0.022468573932112833,-0.000915646823102371,1.0216963806442438,0.0416854513906641,-0.05061285230374686,0.00014308943057092516
13,121.0,-0.023043545335673172,-0.001578073345458695,1.0224725918409634,0.0416854513906641,-0.05061285230374686,0.00014308943057092516
14,131.0,-0.019490230138003592,0.00016992764346738422,1.0241276054692998,0.10264387367703565,-0.049904822518416145,-0.0011196623310530673
15,141.0,-0.02200321663837679,0.0009293615795293372,1.021109283301957,-0.02006585852929821,0.034353650368455765,0.011167808670502752
16,151.0,-0.02354346318119682,0.0001078233779187815,1.0228429017538714,-0.019272970895707342,-0.05132088208907763,0.0014058411921948413
17,162.0,-0.021008897095882547,-0.00029594821183944863,1.0212919179904598,-0.019820325995167254,-0.08928675048218128,-0.04630493678704819
18,172.0,-0.021537327728147374,0.0019441740398192819,1.0206154153955707,0.040345208657613485,-0.00290418823931711,-0.037805721070364194
19,181.0,-0.023290408330494422,-9.936438409200635e-05,1.0231556025060464,-0.012818533350861416,-0.012309931150308304,0.04042438514725767
20,182.0,-0.02330496415983091,-0.00029100606233464516,1.0229381620775704,-0.01872561579624754,-0.013355013695974041,0.049116619171437906
21,191.0,-0.02343596662385999,-0.0020157811665182557,1.0209811982212844,-0.016838017963737018,-0.023097809367300118,0.13477620765161613
22,201.0,-0.022330342959070326,0.00023670005662611494,1.0225750238905458,-0.02006585852929821,0.034353650368455765,0.011167808670502752
23,211.0,-0.024527395033041702,-0.0007569860539001949,1.0219992559424425,0.040892563757073286,0.03506168015378648,0.009905056908878843
24,222.0,-0.021990454314441885,0.0026558136723440575,1.0226678710112485,-0.01872561579624754,-0.013355013695974041,0.049116619171437906
25,232.0,-0.022028822803263456,0.002527642860437179,1.0207767440654012,0.10185098604344478,0.03576970993911725,0.00864230514725485
26,242.0,-0.02201054433077539,0.0021076112978654555,1.0214120772603734,0.10264387367703565,-0.049904822518416145,-0.0011196623310530673
27,252.0,-0.024536534269285735,-0.0005469702726142639,1.0216815893449562,-0.01872561579624754,-0.013355013695974041,0.049116619171437906
28,261.0,-0.024513230878304943,-0.0028665626604655377,1.0215066754955713,0.03955232102402256,0.08277034421821623,-0.02804375359205631
29,271.0,-0.021256097944367818,-0.0005262416778438493,1.0210154456897547,0.03955232102402256,0.08277034421821623,-0.02804375359205631
30,282.0,-0.022330946807018914,-8.60445890573454e-05,1.022368203705245,0.0416854513906641,-0.05061285230374686,0.00014308943057092516
31,292.0,-0.021340065874947935,0.0004171054303228709,1.0233418906834821,0.04223280649012401,-0.012646983910643297,0.04785386740981397
32,302.0,-0.02148857154867628,-1.777437146146373e-05,1.0218455312184924,0.10319122877649545,-0.011938954125312498,0.04659111564819002
33,312.0,-0.0217381159295759,0.0015562137888594277,1.0224539239228596,0.10185098604344478,0.03576970993911725,0.00864230514725485
34,323.0,-0.021986524473958075,0.0006804310314881894,1.0217638112515524,-0.02006585852929821,0.034353650368455765,0.011167808670502752
35,332.0,-0.022377753944674367,0.0003399840396493601,1.0261721352742181,-0.01935225965906645,-0.042753428843324295,0.0023820379400256372
36,333.0,-0.02253929366591368,0.00021508595565395436,1.0259653522547778,-0.019272970895707342,-0.05132088208907763,0.0014058411921948413
37,342.0,-0.023993151157068175,-0.0009089968003053897,1.0241043050798149,-0.01872561579624754,-0.013355013695974041,0.049116619171437906
38,352.0,-0.022963282009800887,0.0005932971388112436,1.0216898619174575,0.040345208657613485,-0.00290418823931711,-0.037805721070364194
39,362.0,-0.020879652354763193,0.0010528088127306737,1.0223789592004018,-0.01872561579624754,-0.013355013695974041,0.049116619171437906
40,373.0,-0.021424525035588487,0.0016073753685965676,1.025781343147172,-0.019272970895707342,-0.05132088208907763,0.0014058411921948413
41,383.0,-0.01901104691527035,0.00013867663319643128,1.0236869997112292,0.03955232102402256,0.08277034421821623,-0.02804375359205631
42,393.0,-0.021873327290800368,7.527051651414016e-05,1.0210108266061857,0.03955232102402256,0.08277034421821623,-0.02804375359205631
43,403.0,-0.021185440204717788,-0.0009717537775958057,1.0241218158194538,0.040345208657613485,-0.00290418823931711,-0.037805721070364194
44,412.0,-0.02044636566894382,-0.00214151943810655,1.0238041243251041,-0.01872561579624754,-0.013355013695974041,0.049116619171437906
45,422.0,-0.020123998272458612,-0.0009355548716117382,1.0223959680003847,-0.017385373063196874,-0.06106367776040379,0.08706542967237306
46,433.0,-0.021074852548258943,0.0016136251154433429,1.025006358959648,0.04302569412371471,-0.0983215163681767,0.03809189993150605
47,443.0,-0.021738719777524382,0.0012334691431760505,1.022247103737559,0.03955232102402256,0.08277034421821623,-0.02804375359205631
48,453.0,-0.02356306196746983,-0.0006873018266667416,1.0214741005330343,0.09996338821093431,0.04551250561044336,-0.07701728333292332
49,463.0,-0.023528357324847614,2.9993844408181916e-05,1.0235166244580898,0.040892563757073286,0.03506168015378648,0.009905056908878843
50,474.0,-0.02425561123829912,0.0008944645246790135,1.0242266005106415,0.04113809629120424,-0.08857872069685054,-0.047567688548672125
51,484.0,-0.02376079017064765,-0.0019871315824781842,1.0229543918958142,-0.017932728162656675,-0.09902954615350738,0.039354651693129974
52,493.0,-0.01931954103138559,0.0012832144372389297,1.0212614791888366,-0.019518503429838407,0.07231951876155941,0.05887858664974578
53,503.0,-0.020353452637024733,0.0011866356631877553,1.024260154455627,-0.01872561579624754,-0.013355013695974041,0.049116619171437906
54,513.0,-0.021861619286366006,-0.0007996919395162369,1.0210832835091248,-0.02006585852929821,0.034353650368455765,0.011167808670502752
55,523.0,-0.021351507885097896,-9.418989533457478e-05,1.0225167710000551,-0.08047692571620985,0.07161148897622861,0.060141338411369746
56,534.0,-0.02376823048093429,-0.00137854933993242,1.0229373581989678,-0.017385373063196874,-0.06106367776040379,0.08706542967237306
57,544.0,-0.02366137853005431,-0.0012993057967841657,1.0222611525720937,0.040892563757073286,0.03506168015378648,0.009905056908878843
58,554.0,-0.022839246664441756,0.00017668730381131814,1.021555176770217,-0.07968403808261904,-0.014063043481304757,0.050379370933061815
59,563.0,-0.024058333506673364,-8.437562267134674e-05,1.02146699852681,0.0416854513906641,-0.05061285230374686,0.00014308943057092516
60,573.0,-0.0224253742876279,-0.00014783846676205174,1.0236435140756217,-0.02061321362875801,-0.0036122180246478536,-0.03654296930874029
61,583.0,-0.020730276838801805,0.00042417547851061817,1.0233294760702047,-0.017932728162656675,-0.09902954615350738,0.039354651693129974
62,594.0,-0.020391217277897767,0.001381209496964365,1.0225758476950806,0.04223280649012401,-0.012646983910643297,0.04785386740981397
63,604.0,-0.02231497110843661,-0.0012273872585723351,1.0224960838142765,-0.018178260696787685,0.024610854697129578,0.09682739715068094
64,614.0,-0.02316112283086653,-0.0012762000927905254,1.0228503256249746,-0.07968403808261904,-0.014063043481304757,0.050379370933061815
65,625.0,-0.021475543230456917,0.00032241993966548914,1.0226514561472961,0.04223280649012401,-0.012646983910643297,0.04785386740981397
66,633.0,-0.021818645249732697,0.0007711010862772012,1.0239893166268532,0.04113809629120424,-0.08857872069685054,-0.047567688548672125
67,644.0,-0.022581811501703374,0.0002727868041063269,1.0222431283837476,0.03900496592456282,0.04480447582511264,-0.07575453157129935
68,654.0,-0.021818757867620685,0.00020143361048684727,1.0236694889715905,0.10319122877649545,-0.011938954125312498,0.04659111564819002
69,664.0,-0.022314254642600197,-0.00033497513709852085,1.0230227316548404,0.04223280649012401,-0.012646983910643297,0.04785386740981397
70,674.0,-0.021795004005087774,0.00016051112579729322,1.0247738857432571,-0.02006585852929821,0.034353650368455765,0.011167808670502752
71,685.0,-0.023276284934266034,0.0003166517426114026,1.0240553401501893,-0.02061321362875801,-0.0036122180246478536,-0.03654296930874029
72,695.0,-0.022718875165281868,0.0003492023279793272,1.0215718886021845,-0.017385373063196874,-0.06106367776040379,0.08706542967237306
73,705.0,-0.024083182447215135,-0.00011927495355827644,1.0202687890398043,-0.019272970895707342,-0.05132088208907763,0.0014058411921948413
74,714.0,-0.023296374950599535,-0.00023155063186722707,1.022799546399314,-0.08211899101458936,-0.042286116203082216,-0.08299099552635941
75,724.0,-0.02126108210435195,-0.0011522735858330508,1.020433374643098,-0.019518503429838407,0.07231951876155941,0.05887858664974578
76,734.0,-0.023374754873246983,0.0016605730299721828,1.025914882624999,0.0416854513906641,-0.05061285230374686,0.00014308943057092516
77,745.0,-0.020991979695687796,0.000594456191700222,1.0225861012505812,0.04302569412371471,-0.0983215163681767,0.03809189993150605
78,755.0,-0.02193399183039975,-0.0013009747631702751,1.0231623577505284,0.10130363094398498,-0.0021961584539863938,-0.03906847283198818
79,765.0,-0.02104639574247107,-0.001487632159750634,1.0188549484494258,0.04223280649012401,-0.012646983910643297,0.04785386740981397
80,775.0,-0.020617949497877035,0.0008825280995410697,1.023122334020025,-0.07889115044902822,-0.09973757593883815,0.040617403454753925
81,784.0,-0.02211237136316259,0.00012880692943773392,1.0212780358428903,0.0416854513906641,-0.05061285230374686,0.00014308943057092516
82,794.0,-0.023348037751925035,0.0006863420267868199,1.020855157305151,0.10130363094398498,-0.0021961584539863938,-0.03906847283198818
83,805.0,-0.024758773559341193,-0.0001726969319414364,1.022923154186519,0.10264387367703565,-0.049904822518416145,-0.0011196623310530673
84,815.0,-0.024159935303284585,-0.000923845039518056,1.0219726124198527,0.04223280649012401,-0.012646983910643297,0.04785386740981397
85,825.0,-0.024471577155456524,-0.0025109264018292085,1.0236792405874353,0.10453147150954623,-0.059647618189742305,0.08453992614912516
86,835.0,-0.02339721952286592,-0.002704200660508791,1.0224394900419072,0.04357304922317462,-0.06035564797507305,0.08580267791074907
87,846.0,-0.020598422570983585,-0.0014176069049324298,1.0227789894945856,0.10185098604344478,0.03576970993911725,0.00864230514725485
88,854.0,-0.017965959293765762,0.0021328085145929294,1.0222661069083536,0.04113809629120424,-0.08857872069685054,-0.047567688548672125
89,865.0,-0.019372161412749684,-0.00037886843930784507,1.0236368642153266,-0.019272970895707342,-0.05132088208907763,0.0014058411921948413
90,875.0,-0.019904174374196903,-0.0026008067950183795,1.0203271224176182,0.03979785355815357,-0.040870056632420784,-0.08551649904960726
91,885.0,-0.022136729073643866,-0.00015301523155611697,1.0199668188859228,0.10453147150954623,-0.059647618189742305,0.08453992614912516
92,896.0,-0.025745274179376353,-0.0003725596890158561,1.0223247180696373,0.04223280649012401,-0.012646983910643297,0.04785386740981397
93,906.0,-0.02407223166712572,0.0006389432022062289,1.0212069161931934,-0.01872561579624754,-0.013355013695974041,0.049116619171437906
94,916.0,-0.022949721703012498,-0.0018390241134375043,1.0209904612852856,0.04223280649012401,-0.012646983910643297,0.04785386740981397
95,926.0,-0.02312592695818383,-0.0008058272518225783,1.024779842080068,0.03900496592456282,0.04480447582511264,-0.07575453157129935
96,935.0,-0.022298698314698873,0.0018658652325525165,1.0249757649801103,-0.02061321362875801,-0.0036122180246478536,-0.03654296930874029
97,945.0,-0.020392803585967227,0.0015523105114949132,1.0225950424497037,0.0416854513906641,-0.05061285230374686,0.00014308943057092516
98,956.0,-0.019545628644907897,-0.001418315047769574,1.0206224676080682,0.04436593685676543,-0.14603018043260646,0.07604071043244119
99,966.0,-0.022158646512249178,-0.002217680005231123,1.023576641850888,-0.019272970895707342,-0.05132088208907763,0.0014058411921948413
100,976.0,-0.021976740631257083,-0.0017324328373829777,1.0208959799433257,-0.02006585852929821,0.034353650368455765,0.011167808670502752
101,986.0,-0.021971152623324473,-0.000783656283710316,1.0216848711752828,-0.019272970895707342,-0.05132088208907763,0.0014058411921948413
102,997.0,-0.022016244956596046,0.0005891672684024397,1.0203033583731533,0.0416854513906641,-0.05061285230374686,0.00014308943057092516
103,1005.0,-0.022922344752788825,5.6521275973592906e-05,1.0233357791687576,0.04223280649012401,-0.012646983910643297,0.04785386740981397
104,1016.0,-0.024166659147734703,0.000577149324501578,1.0224822265635702,0.10185098604344478,0.03576970993911725,0.00864230514725485
105,1026.0,-0.025633397310003758,-0.002192876971147152,1.0208382653984063,0.10051074331039411,0.08347837400354706,-0.029306505353680276
106,1036.0,-0.022214843002006747,0.0003528506485954147,1.0223294923311197,-0.02006585852929821,0.034353650368455765,0.011167808670502752
107,1046.0,-0.020786391811542466,-0.002056479334200154,1.0192976903684097,0.04357304922317462,-0.06035564797507305,0.08580267791074907
108,1057.0,-0.020209511752599597,-0.0023466994821831387,1.023349289657722,0.04302569412371471,-0.0983215163681767,0.03809189993150605
109,1067.0,-0.020358774650672942,-0.0011483986721726187,1.0227186004431819,0.10185098604344478,0.03576970993911725,0.00864230514725485
110,1076.0,-0.022545101180330717,-0.0025232015785153525,1.0224413043379414,0.10135836645393093,0.001600428385323996,-0.03429739503406387
111,1077.0,-0.022574730668492846,-0.002520936326724832,1.022194697229,0.10130363094398498,-0.0021961584539863938,-0.03906847283198818
112,1086.0,-0.022841396061951104,-0.0025005490606102906,1.0199752332485255,0.040345208657613485,-0.00290418823931711,-0.037805721070364194
113,1096.0,-0.021609546895784537,-0.0005130340413129608,1.0216219992012239,-0.02006585852929821,0.034353650368455765,0.011167808670502752
114,1106.0,-0.024630357901946353,-0.00028601950463564836,1.0231637199006343,-0.02006585852929821,0.034353650368455765,0.011167808670502752
115,1117.0,-0.02394298692600631,0.001987700226776323,1.022293957403135,0.10185098604344478,0.03576970993911725,0.00864230514725485
116,1127.0,-0.021238801932000624,-0.0004524275802016198,1.021876793824651,0.04223280649012401,-0.012646983910643297,0.04785386740981397
117,1137.0,-0.02217940601512175,0.0025107869032903137,1.0194125868249964,0.04223280649012401,-0.012646983910643297,0.04785386740981397
118,1147.0,-0.0233045317267227,-0.0005153805107953322,1.0222558648619038,0.03900496592456282,0.04480447582511264,-0.07575453157129935
119,1156.0,-0.02295289431915142,-0.0014968220843764356,1.0210288507945318,0.040345208657613485,-0.00290418823931711,-0.037805721070364194
120,1166.0,-0.022896359975729717,-0.0023583503108316347,1.0232354832800885,0.040345208657613485,-0.00290418823931711,-0.037805721070364194
121,1177.0,-0.021839185737618155,-0.0020557711913629824,1.0214542122549268,0.040892563757073286,0.03506168015378648,0.009905056908878843
122,1187.0,-0.02273492272324357,-0.0016047152115647334,1.0197318627468763,0.10343676131062651,-0.13557935497594958,-0.01088162980936093
123,1197.0,-0.021220902071685005,-5.586883687590228e-05,1.022944962144848,0.10319122877649545,-0.011938954125312498,0.04659111564819002
124,1208.0,-0.019873665566342957,0.001478129298600318,1.0240263688828577,-0.018178260696787685,0.024610854697129578,0.09682739715068094
125,1218.0,-0.02150628693172429,0.0032505945700623336,1.0228093362998345,0.040892563757073286,0.03506168015378648,0.009905056908878843
126,1227.0,-0.021873746661481352,0.0034174535556801672,1.0228359798224245,-0.01276379784091547,-0.00851334431099797,0.045195462945181994
127,1228.0,-0.022053756371216617,0.003196591927216188,1.0228578184321422,-0.01872561579624754,-0.013355013695974041,0.049116619171437906
128,1237.0,-0.02367384375883362,0.0012088372710409828,1.0230543659196045,-0.01872561579624754,-0.013355013695974041,0.049116619171437906
129,1247.0,-0.024550698424022493,0.0015626063339509682,1.0221741697918272,-0.02006585852929821,0.034353650368455765,0.011167808670502752
130,1257.0,-0.023918967069188998,0.000560519960399002,1.0226456913943136,-0.0230481665607285,-0.03183529074642534,-0.16991333576816153
131,1268.0,-0.024421412924394603,0.000385770625252394,1.0218688929107551,0.040345208657613485,-0.00290418823931711,-0.037805721070364194
132,1278.0,-0.023074739508492613,-0.000928568618223598,1.0213511613724504,0.03821207829097195,0.13047900828264603,-0.06599256409299144
133,1288.0,-0.0211269658211364,0.00025284787093580834,1.021782659244433,0.03955232102402256,0.08277034421821623,-0.02804375359205631
134,1298.0,-0.02005272080643373,-0.0005100938635340728,1.020223081043642,0.10264387367703565,-0.049904822518416145,-0.0011196623310530673
135,1307.0,-0.019911276830819523,-0.0002832221251013873,1.0212695716865605,0.04223280649012401,-0.012646983910643297,0.04785386740981397
136,1317.0,-0.018996657524757616,-0.0008315650217880102,1.0238340745748842,-0.02006585852929821,0.034353650368455765,0.011167808670502752
137,1328.0,-0.020871567438019538,-0.0017586215174002716,1.0212104949915355,0.04113809629120424,-0.08857872069685054,-0.047567688548672125
138,1338.0,-0.024533136417370784,0.0002501626499054582,1.0222828551462357,0.16226205323035647,-0.0014881286686556777,-0.040331224593612075
139,1348.0,-0.02339752627565886,0.0012076498544476176,1.0245844709134084,-0.02006585852929821,0.034353650368455765,0.011167808670502752
140,1358.0,-0.023946876007981586,0.0014374901343635225,1.0218056990718174,0.09996338821093431,0.04551250561044336,-0.07701728333292332
141,1369.0,-0.022293544899891955,0.0010842003452095367,1.0189992683192732,0.09917050057734345,0.13118703806797682,-0.0672553158546154
142,1377.0,-0.022706184700726526,-0.0010196057882649752,1.0214183305651996,0.005291491558038541,0.045926091371299035,0.06401085454962167
143,1379.0,-0.022058588568620086,-0.001361427542283579,1.0214280968005167,-0.018178260696787685,0.024610854697129578,0.09682739715068094
144,1388.0,-0.01914440597414101,-0.002899625435367172,1.0214720448594443,0.04223280649012401,-0.012646983910643297,0.04785386740981397
145,1398.0,-0.018416322976964997,-0.0023020165183737246,1.0216085443027199,0.040892563757073286,0.03506168015378648,0.009905056908878843
146,1408.0,-0.017543889382320425,-0.0004334801103209763,1.0235058076601549,0.040345208657613485,-0.00290418823931711,-0.037805721070364194
147,1418.0,-0.01905035710570453,-0.0020212412517651352,1.0206295696142924,0.040345208657613485,-0.00290418823931711,-0.037805721070364194
148,1429.0,-0.018435471291686108,-0.0008184718197976663,1.0215190537029344,0.04223280649012401,-0.012646983910643297,0.04785386740981397
149,1439.0,-0.02200185556608331,-0.0003810743865821402,1.0204504332368078,0.10264387367703565,-0.049904822518416145,-0.0011196623310530673
150,1449.0,-0.024650601294676267,0.0011217033783640093,1.0229804165855096,0.040345208657613485,-0.00290418823931711,-0.037805721070364194
151,1458.0,-0.02357390012967131,-0.0008758525066407824,1.0208558010349083,0.0416854513906641,-0.05061285230374686,0.00014308943057092516
152,1468.0,-0.024181499009799448,-0.0007312789236756729,1.021055841078864,0.04223280649012401,-0.012646983910643297,0.04785386740981397
153,1479.0,-0.02256598917951765,0.0010873693920695415,1.02344349892853,0.03955232102402256,0.08277034421821623,-0.02804375359205631
154,1489.0,-0.02052899740731273,0.0005652128993635788,1.0213779600729538,0.0416854513906641,-0.05061285230374686,0.00014308943057092516
155,1499.0,-0.023146420466771882,0.002536381875011008,1.0198631242736886,0.0416854513906641,-0.05061285230374686,0.00014308943057092516
156,1509.0,-0.023094982901222527,0.00047915426477611507,1.0211678580573262,0.10319122877649545,-0.011938954125312498,0.04659111564819002
157,1520.0,-0.02172285669683023,-0.0004775410021294038,1.0220551561913276,0.10264387367703565,-0.049904822518416145,-0.0011196623310530673
158,1528.0,-0.020300300267091554,7.620297635891231e-05,1.0203794438681613,0.10264387367703565,-0.049904822518416145,-0.0011196623310530673
159,1539.0,-0.022122227065243145,-0.0005535894107501769,1.0204337214048405,-0.017385373063196874,-0.06106367776040379,0.08706542967237306
160,1549.0,-0.021744686397629494,0.001101282895400802,1.0218910476308265,-0.017385373063196874,-0.06106367776040379,0.08706542967237306
161,1559.0,-0.020845930172261738,0.002263950144019578,1.0246474980653812,0.0416854513906641,-0.05061285230374686,0.00014308943057092516
162,1569.0,-0.02284034174245056,0.00010086548823483439,1.021461364054878,-0.07968403808261904,-0.014063043481304757,0.050379370933061815
163,1580.0,-0.023808226036333743,0.0011899735959598633,1.0224577440987572,-0.01872561579624754,-0.013355013695974041,0.049116619171437906
164,1590.0,-0.024994645015564605,-0.00046136254807882824,1.0231519739139776,0.0416854513906641,-0.05061285230374686,0.00014308943057092516
165,1599.0,-0.02297668894019259,0.0010696931335817043,1.0213167721138787,0.0416854513906641,-0.05061285230374686,0.00014308943057092516
166,1600.0,-0.022951696640885415,0.0008306352869598987,1.0212126493309197,0.0416854513906641,-0.05061285230374686,0.00014308943057092516
167,1609.0,-0.022726765947120517,-0.001320885332636573,1.0202755442842866,0.04357304922317462,-0.06035564797507305,0.08580267791074907
168,1619.0,-0.021785357660357045,0.00025180097655063007,1.0194924675990384,0.04412040432263453,-0.022389779581969374,0.13351345588999214
169,1629.0,-0.02104688697253156,-0.0012407093296437127,1.018967955919388,0.03900496592456282,0.04480447582511264,-0.07575453157129935
170,1640.0,-0.022557453791222093,0.0005546089651002608,1.0235543453407152,0.040345208657613485,-0.00290418823931711,-0.037805721070364194
171,1650.0,-0.019876572188197307,0.00043407354597348093,1.0233120956116162,-0.07968403808261904,-0.014063043481304757,0.050379370933061815
172,1660.0,-0.019863165257805442,-4.2322448796896624e-05,1.023685185415195,0.04278016158958381,0.02531888448246035,0.095564645389057
173,1670.0,-0.020903140223011426,-0.00029252648426765043,1.0205218996482472,0.04278016158958381,0.02531888448246035,0.095564645389057
174,1679.0,-0.022618174311774722,-0.003368668061497182,1.0185076534670388,-0.01872561579624754,-0.013355013695974041,0.049116619171437906
175,1689.0,-0.0237905514117941,0.0004471973877048454,1.0228862571084287,0.040345208657613485,-0.00290418823931711,-0.037805721070364194
176,1700.0,-0.02574406648347945,0.0002729296023510092,1.0227383584402392,0.0416854513906641,-0.05061285230374686,0.00014308943057092516
177,1710.0,-0.024444562938979036,0.00074943775562527,1.0209713163243894,-0.021953456361808732,0.0440964460397819,-0.07449177980967543
178,1720.0,-0.022308441398891387,0.001753136368155015,1.0244512781973234,0.04302569412371471,-0.0983215163681767,0.03809189993150605
179,1730.0,-0.02038132081730884,-0.0004619868961163377,1.0220278440421169,0.04223280649012401,-0.012646983910643297,0.04785386740981397
180,1741.0,-0.02284581713249546,-0.0002782435896473629,1.0209923004781838,-0.021406101262348876,0.08206231443288552,-0.026781001830432388
181,1750.0,-0.02035790480843995,-0.002211911808177064,1.0221727578479949,0.04357304922317462,-0.06035564797507305,0.08580267791074907
182,1760.0,-0.02123306054767143,-0.00145957628400719,1.0215931946208574,-0.018178260696787685,0.024610854697129578,0.09682739715068094
183,1770.0,-0.022775497246509395,-0.002432758116770547,1.0231391876420943,-0.018178260696787685,0.024610854697129578,0.09682739715068094
184,1780.0,-0.02197477571101518,-0.002720124157810801,1.0204439500634779,0.040345208657613485,-0.00290418823931711,-0.037805721070364194
185,1791.0,-0.021737962553179377,-0.0003997114686188042,1.0213814334871087,-0.021406101262348876,0.08206231443288552,-0.026781001830432388
186,1801.0,-0.023155043592873428,-0.0005743463692248399,1.0235262093869697,0.040892563757073286,0.03506168015378648,0.009905056908878843
187,1811.0,-0.023421730609743723,-0.0010300975640245207,1.02220076352069,0.04302569412371471,-0.0983215163681767,0.03809189993150605
188,1821.0,-0.02206984779808129,-0.0005790699479303542,1.0229047583395674,0.04223280649012401,-0.012646983910643297,0.04785386740981397
189,1830.0,-0.024310784509427395,0.0004455567850229568,1.0213611179599358,-0.01872561579624754,-0.013355013695974041,0.049116619171437906
190,1840.0,-0.024166618389226277,-0.0019484434087671462,1.0210899084725567,-0.01872561579624754,-0.013355013695974041,0.049116619171437906
191,1851.0,-0.023452361693122998,0.0024677445421627886,1.0226784713284915,0.0414399188565332,0.0730275485468901,0.0576158348881219
192,1861.0,-0.023673352528773187,0.0009619144409339232,1.0229413584496425,-0.019272970895707342,-0.05132088208907763,0.0014058411921948413
193,1871.0,-0.02016040184103822,-0.0020514170039465226,1.0200528111746894,0.038457610825102906,0.00683860743200905,-0.12346530955054243
194,1881.0,-0.021974212621575236,0.00012821322114118968,1.0220430883397924,0.040345208657613485,-0.00290418823931711,-0.037805721070364194
195,1892.0,-0.020866583278035294,-0.00113258960941107,1.0217925660381917,-0.016838017963737018,-0.023097809367300118,0.13477620765161613
196,1900.0,-0.020951646286624215,-0.0002650643168207506,1.0240251983165807,0.03192871986536017,-0.022531385539035567,0.13376600624231694
197,1902.0,-0.021091358360486156,-0.00021744402745213476,1.0237387262239852,0.04412040432263453,-0.022389779581969374,0.13351345588999214
198,1911.0,-0.021720062692863758,-3.1527252930867057e-06,1.0224496018073062,-0.017385373063196874,-0.06106367776040379,0.08706542967237306
199,1921.0,-0.021601277501773385,0.0003404633134055259,1.0224855083938968,0.04223280649012401,-0.012646983910643297,0.04785386740981397
200,1931.0,-0.019642399657931454,0.0003241727008510395,1.0227826429835178,0.03900496592456282,0.04480447582511264,-0.07575453157129935
201,1941.0,-0.02162710890243608,0.0007994096427325493,1.0215133138468153,-0.021953456361808732,0.0440964460397819,-0.07449177980967543
202,1952.0,-0.02475171186122711,3.5311131410268085e-05,1.0233730230085902,-0.019518503429838407,0.07231951876155941,0.05887858664974578
203,1962.0,-0.022044604366940643,-0.0008125324607946766,1.018184055429605,0.040892563757073286,0.03506168015378648,0.009905056908878843
204,1972.0,-0.022431944755681603,-0.0006027693602207328,1.0230806377835886,0.040892563757073286,0.03506168015378648,0.009905056908878843
205,1981.0,-0.022068865337960306,-0.001072915608144335,1.0226787433996434,0.10185098604344478,0.03576970993911725,0.00864230514725485
206,1991.0,-0.023064617812127597,-0.001632430059723399,1.0214428130300124,-0.018178260696787685,0.024610854697129578,0.09682739715068094
207,2001.0,-0.021086028564124448,-0.0002839279919018147,1.0234285764957334,-0.01872561579624754,-0.013355013695974041,0.049116619171437906
208,2012.0,-0.019638623193844056,0.0003047153174734588,1.0229510736595728,0.03900496592456282,0.04480447582511264,-0.07575453157129935
209,2022.0,-0.023088146438884478,-0.0004521726234530543,1.0209780715688714,-0.02006585852929821,0.034353650368455765,0.011167808670502752
210,2032.0,-0.02248515310656797,-0.0020393684203047235,1.0197631253530348,0.0414399188565332,0.0730275485468901,0.0576158348881219
211,2042.0,-0.022073020414220094,-0.00023686791886928554,1.0229431478488138,0.04278016158958381,0.02531888448246035,0.095564645389057
212,2051.0,-0.021866490828462263,-0.0008560563717150014,1.0208210401177311,-0.019518503429838407,0.07231951876155941,0.05887858664974578
213,2062.0,-0.024157857765154746,-0.0013418688841556085,1.0218404101952676,-0.019272970895707342,-0.05132088208907763,0.0014058411921948413
214,2072.0,-0.023072139639431145,0.004027337649359675,1.024210415515193,0.04302569412371471,-0.0983215163681767,0.03809189993150605
215,2082.0,-0.02166853738950852,0.0015831083356772043,1.0199804040654772,0.04357304922317462,-0.06035564797507305,0.08580267791074907
216,2092.0,-0.02111136873472665,-7.190449268182322e-05,1.0223433744786898,0.040892563757073286,0.03506168015378648,0.009905056908878843
217,2103.0,-0.020619382429550023,-0.0009022961434066417,1.0220690383388973,-0.019518503429838407,0.07231951876155941,0.05887858664974578
218,2113.0,-0.018456165155968034,-0.0016894188399596455,1.0200564397667584,0.10264387367703565,-0.049904822518416145,-0.0011196623310530673
219,2122.0,-0.02053824926144475,0.00020556120485896214,1.0207404658202046,0.04827391320881508,-0.016372767771420563,0.042956514435727275
220,2123.0,-0.02072993381232686,0.00016109486138832455,1.0208847253579068,0.04223280649012401,-0.012646983910643297,0.04785386740981397
221,2132.0,-0.022455094770265922,-0.00023910222984782915,1.0221830611972227,0.040892563757073286,0.03506168015378648,0.009905056908878843
222,2142.0,-0.02167385940315673,-0.0007519259996832802,1.018438850053032,0.040345208657613485,-0.00290418823931711,-0.037805721070364194
223,2152.0,-0.023285649406286153,-0.0006126674276835956,1.0230980182421774,-0.07809826281543736,-0.18541210839637157,0.030855435976446036
224,2163.0,-0.023287573568019523,-0.0021505688405242473,1.0221577300310114,0.10264387367703565,-0.049904822518416145,-0.0011196623310530673
225,2173.0,-0.022818665418047654,0.0004779668481828605,1.02269796305113,0.10264387367703565,-0.049904822518416145,-0.0011196623310530673
226,2183.0,-0.02279124770931561,-0.00015208049567468348,1.0236509628435884,0.0416854513906641,-0.05061285230374686,0.00014308943057092516
227,2193.0,-0.02395816464173502,-0.001029730448772238,1.0199080889526397,0.040345208657613485,-0.00290418823931711,-0.037805721070364194
228,2202.0,-0.023299168954566008,-0.0007059389087034611,1.0224051007833352,-0.01872561579624754,-0.013355013695974041,0.049116619171437906
229,2212.0,-0.020866470660147306,-0.0005629221336206885,1.0221123936934546,0.0416854513906641,-0.05061285230374686,0.00014308943057092516
230,2223.0,-0.02197443785735127,-0.001011121730439601,1.0214034330292663,0.040892563757073286,0.03506168015378648,0.009905056908878843
231,2233.0,-0.023669535306177363,-0.0015831356757123817,1.0217174710346835,0.038457610825102906,0.00683860743200905,-0.12346530955054243
232,2243.0,-0.023053288419865682,-0.001690802209856335,1.0219481050581762,0.04357304922317462,-0.06035564797507305,0.08580267791074907
233,2253.0,-0.022712263938719796,-0.0017214595118306606,1.0207424468032043,0.040892563757073286,0.03506168015378648,0.009905056908878843
234,2264.0,-0.024165185457553234,-0.0001636191658194072,1.022143204153684,0.04278016158958381,0.02531888448246035,0.095564645389057
235,2272.0,-0.02306926411844782,-0.0005494595403413177,1.0218202249491448,-0.017932728162656675,-0.09902954615350738,0.039354651693129974
236,2283.0,-0.02190758146187074,0.001636644748600909,1.0202476133021818,-0.0815716359151295,-0.004320247809978653,-0.03528021754711636
237,2293.0,-0.022359991582328785,0.003240696502599471,1.022826716758423,-0.019272970895707342,-0.05132088208907763,0.0014058411921948413
238,2303.0,-0.02110528949673344,0.0006299492308838621,1.023019258240685,-0.08023139318207884,-0.052028911874408404,0.0026685929538187714
239,2313.0,-0.022008200798361036,0.00030332967154013564,1.0205272122553004,0.0416854513906641,-0.05061285230374686,0.00014308943057092516
240,2324.0,-0.0230899579827298,-0.001420406560503297,1.0203576110129688,0.04113809629120424,-0.08857872069685054,-0.047567688548672125
241,2334.0,-0.022436325067717366,-0.000906056622526474,1.022705386922233,0.10130363094398498,-0.0021961584539863938,-0.03906847283198818
242,2344.0,-0.021697854379891936,-0.0023985669287206507,1.0221808752425825,0.10185098604344478,0.03576970993911725,0.00864230514725485
243,2353.0,-0.022348846667334367,-0.0004826033323830075,1.0213000353850477,0.10264387367703565,-0.049904822518416145,-0.0011196623310530673
244,2363.0,-0.02137552774191504,0.001332990371042802,1.0221650370088764,0.0416854513906641,-0.05061285230374686,0.00014308943057092516
245,2374.0,-0.020632298129881342,-0.0006728229787431577,1.0215829410653565,0.0416854513906641,-0.05061285230374686,0.00014308943057092516
246,2384.0,-0.02371594795323405,-0.0014254688907569006,1.0196024902066891,-0.021953456361808732,0.0440964460397819,-0.07449177980967543
247,2394.0,-0.024166771765622694,7.481848711057951e-06,1.0221623989083073,-0.019518503429838407,0.07231951876155941,0.05887858664974578
248,2404.0,-0.023642270973841677,-0.0002572577620916937,1.0237429612628928,0.04223280649012401,-0.012646983910643297,0.04785386740981397
249,2415.0,-0.024667631312759005,-0.00033836850096604287,1.0213664056701255,0.04113809629120424,-0.08857872069685054,-0.047567688548672125
250,2423.0,-0.023310498346827923,-0.0006475667585705252,1.0218998087551714,0.04264817455721265,-0.09637295723391144,0.020959982235470395
251,2425.0,-0.022732487480630954,-0.0005892769168424073,1.0219869224912383,0.04302569412371471,-0.0983215163681767,0.03809189993150605
252,2434.0,-0.020131438582745142,-0.00032697262906600146,1.0223789343035383,0.10264387367703565,-0.049904822518416145,-0.0011196623310530673
253,2444.0,-0.01968586492462531,-0.0009996974948353666,1.0199896173357514,-0.019272970895707342,-0.05132088208907763,0.0014058411921948413
254,2454.0,-0.01936811895437794,-0.0017845836043733037,1.0230526321108935,0.04223280649012401,-0.012646983910643297,0.04785386740981397
255,2464.0,-0.020891810830749456,-0.00035089863440061395,1.021027191676411,-0.01872561579624754,-0.013355013695974041,0.049116619171437906
256,2475.0,-0.021870911899006563,0.0013662490992478432,1.0218381073473894,-0.02006585852929821,0.034353650368455765,0.011167808670502752
257,2485.0,-0.022082916874809132,0.0016063284742113895,1.0234911515017773,0.03900496592456282,0.04480447582511264,-0.07575453157129935
258,2495.0,-0.023437593690437818,0.0006809125812809612,1.0223927110669213,-0.02116056872821792,-0.04157808641775147,-0.08425374728798334
259,2504.0,-0.022714382235358058,0.001222157066075616,1.0222669671188032,0.040345208657613485,-0.00290418823931711,-0.037805721070364194
260,2514.0,-0.022238709482427534,-0.00017589434250552352,1.0209052679041901,0.04113809629120424,-0.08857872069685054,-0.047567688548672125
261,2524.0,-0.024131801128715966,-0.0006614802619017027,1.023452260052875,-0.02116056872821792,-0.04157808641775147,-0.08425374728798334
262,2535.0,-0.02257032873304499,-0.0017415106035048962,1.0216759299761609,-0.08023139318207884,-0.052028911874408404,0.0026685929538187714
263,2545.0,-0.01907607588847907,-0.0009926274466475916,1.0199772027224738,-0.02061321362875801,-0.0036122180246478536,-0.03654296930874029
264,2555.0,-0.021375824837070637,-0.0029016047895971224,1.0198132359520742,-0.021953456361808732,0.0440964460397819,-0.07449177980967543
265,2565.0,-0.022530373936153963,-0.0017844408061285938,1.0235478621673848,-0.01872561579624754,-0.013355013695974041,0.049116619171437906
266,2574.0,-0.022956332929574684,0.0002316377263725112,1.0218199030842658,-0.0815716359151295,-0.004320247809978653,-0.03528021754711636
267,2584.0,-0.0231834437617264,0.0005495466348466572,1.0227992245344353,-0.019272970895707342,-0.05132088208907763,0.0014058411921948413
268,2595.0,-0.022159050004503845,0.001672731496081093,1.0199157177953837,-0.02116056872821792,-0.04157808641775147,-0.08425374728798334
269,2605.0,-0.024396942596025335,0.0012372602620367094,1.0234999375229858,-0.02061321362875801,-0.0036122180246478536,-0.03654296930874029
270,2615.0,-0.02343026599803928,-0.0004973371370552401,1.0220899171085047,0.040892563757073286,0.03506168015378648,0.009905056908878843
271,2625.0,-0.022812279427261557,-0.002732029943208029,1.021228865941624,-0.019272970895707342,-0.05132088208907763,0.0014058411921948413
272,2636.0,-0.022807673879449816,-0.0012894077293213308,1.022243772113505,-0.08023139318207884,-0.052028911874408404,0.0026685929538187714
273,2646.0,-0.021376960673588033,-0.00045183387190493715,1.021111741327749,0.0416854513906641,-0.05061285230374686,0.00014308943057092516
274,2655.0,-0.021022907874222726,-0.0001422968627523376,1.0207120080015806,0.04247833902425491,-0.13628738476128027,-0.009618878047737
275,2665.0,-0.021836657727936304,-0.00019512513283889794,1.0226013206513933,0.04223280649012401,-0.012646983910643297,0.04785386740981397
276,2675.0,-0.022668532677741427,-0.0017838470978320219,1.022782809670483,-0.0810242808156697,0.033645620583124994,0.012430560432126689
277,2686.0,-0.022077891956316407,-0.00029323235106807786,1.02268090445742,-0.0810242808156697,0.033645620583124994,0.012430560432126689
278,2696.0,-0.02205972610171622,-0.0012829313894302384,1.0229964099971294,0.040345208657613485,-0.00290418823931711,-0.037805721070364194
279,2706.0,-0.021770139186119798,0.000743638918830412,1.0204860179585198,-0.02006585852929821,0.034353650368455765,0.011167808670502752
280,2716.0,-0.02280072479922361,-0.0016510671417601186,1.0223738132803135,-0.01872561579624754,-0.013355013695974041,0.049116619171437906
281,2725.0,-0.02116790307814835,0.0007896237337734868,1.020136741993133,-0.017385373063196874,-0.06106367776040379,0.08706542967237306
282,2735.0,-0.02216021694189232,-0.001498350528554441,1.0181097593337682,-0.019272970895707342,-0.05132088208907763,0.0014058411921948413
283,2746.0,-0.02237615175817859,0.0007171114872649734,1.0206668632478522,0.040892563757073286,0.03506168015378648,0.009905056908878843
284,2756.0,-0.021226264843841807,0.00013468956103233735,1.0227957262234166,0.040892563757073286,0.03506168015378648,0.009905056908878843
285,2766.0,-0.024032236111726214,-0.0019295797336861653,1.021686530293404,-0.019518503429838407,0.07231951876155941,0.05887858664974578
286,2776.0,-0.022940582466768465,-0.002049039894723352,1.0213081278827718,-0.01872561579624754,-0.013355013695974041,0.049116619171437906
287,2787.0,-0.021990792168105854,0.0009468112449728298,1.0217083880454598,-0.017932728162656675,-0.09902954615350738,0.039354651693129974
288,2795.0,-0.02224248594651488,-0.0001564369591278598,1.0207368372281356,-0.018178260696787685,0.024610854697129578,0.09682739715068094
289,2806.0,-0.022430358447612143,-0.0007738703747512256,1.0230614430289653,-0.02006585852929821,0.034353650368455765,0.011167808670502752
290,2816.0,-0.024151174679213055,-0.0003172705149065182,1.0227231141425637,-0.017385373063196874,-0.06106367776040379,0.08706542967237306
291,2826.0,-0.02393391954914173,-0.0013175757635686303,1.0208994782543446,0.043818581757305686,-0.18399604882571008,0.02832993245319816
292,2836.0,-0.022100397364443712,-0.002132413308280355,1.0205978299653418,-0.017385373063196874,-0.06106367776040379,0.08706542967237306
293,2847.0,-0.021794850628691416,-0.0017954141316808556,1.0237013953075065,-0.02006585852929821,0.034353650368455765,0.011167808670502752
294,2857.0,-0.01964519366189776,-0.00015021557598522226,1.0223881973675395,0.03955232102402256,0.08277034421821623,-0.02804375359205631
295,2867.0,-0.022102515661082144,0.0008112032696258109,1.0221223502809405,0.10051074331039411,0.08347837400354706,-0.029306505353680276
296,2876.0,-0.02209786935476181,-0.00027176724975621524,1.021744938361808,-0.023841054194319256,0.05383924171110803,-0.1601513682898536
297,2886.0,-0.022231647784313507,3.2113720846070195e-05,1.0213551367262614,-0.02061321362875801,-0.0036122180246478536,-0.03654296930874029
298,2896.0,-0.021211271605380538,-0.0005128074482686714,1.0231496212723723,0.0416854513906641,-0.05061285230374686,0.00014308943057092516
299,2907.0,-0.020860729275818057,-0.0015700708374262586,1.0218287944896614,0.0414399188565332,0.0730275485468901,0.0576158348881219
300,2917.0,-0.023180649757760036,0.0010239349116830019,1.0231936701504138,-0.01872561579624754,-0.013355013695974041,0.049116619171437906
301,2927.0,-0.021839830344075113,0.00014707689622222615,1.0226397101606395,-0.0815716359151295,-0.004320247809978653,-0.03528021754711636
302,2937.0,-0.02213880661177387,0.0002650086130814078,1.020099021110508,0.040892563757073286,0.03506168015378648,0.009905056908878843
303,2946.0,-0.022003933104213204,3.694945805549535e-05,1.0205826354613932,0.0416854513906641,-0.05061285230374686,0.00014308943057092516
304,2957.0,-0.022681223142296713,-0.0004150389815876641,1.022936367707468,-0.021953456361808732,0.0440964460397819,-0.07449177980967543
305,2967.0,-0.020882671594505478,-0.000560914415686462,1.0213448582738973,0.040892563757073286,0.03506168015378648,0.009905056908878843
306,2977.0,-0.02174808424954439,0.0003041499728810523,1.021289781829547,0.040892563757073286,0.03506168015378648,0.009905056908878843
307,2987.0,-0.021468932003894787,-0.0017482419001446094,1.0218220143483157,-0.02006585852929821,0.034353650368455765,0.011167808670502752
308,2998.0,-0.023416101843302464,-0.0026069137436205555,1.0215973366616335,0.04009967612348242,0.12073621261131988,0.019667024387186746
309,3008.0,-0.023592557214331768,0.00036076936182832705,1.020653302965161,0.04223280649012401,-0.012646983910643297,0.04785386740981397
310,3017.0,-0.020905596373313823,0.0009420876662672601,1.0210869369980573,0.04294640536035571,-0.0897540631224233,0.03906809667933683
311,3018.0,-0.020938063390352948,0.0007493600989235437,1.0211770073219353,0.04302569412371471,-0.0983215163681767,0.03809189993150605
312,3027.0,-0.021230266543705124,-0.0009851880071708174,1.0219876402368362,-0.019518503429838407,0.07231951876155941,0.05887858664974578
313,3037.0,-0.022485910330912864,-0.0004061878085099519,1.0206287956034845,-0.018178260696787685,0.024610854697129578,0.09682739715068094
314,3047.0,-0.02222322501390583,-0.0010703141819135367,1.021146155483184,-0.017385373063196874,-0.06106367776040379,0.08706542967237306
315,3058.0,-0.022375773146006087,-9.947881863244017e-05,1.0202340281226272,0.0416854513906641,-0.05061285230374686,0.00014308943057092516
316,3068.0,-0.023308686802982433,0.000320667178479745,1.0225202693110742,-0.017932728162656675,-0.09902954615350738,0.039354651693129974
317,3078.0,-0.025635249612357563,-0.0006355181749287536,1.021610122933517,0.04357304922317462,-0.06035564797507305,0.08580267791074907
318,3088.0,-0.020906916687098823,-0.0002730691008900144,1.0203534689721925,0.03955232102402256,0.08277034421821623,-0.02804375359205631
319,3097.0,-0.021950571376930423,-0.00048237673933869055,1.0228276574561959,0.040892563757073286,0.03506168015378648,0.009905056908878843
320,3107.0,-0.02054837095780965,0.0009094226463587909,1.0206488141626424,0.040892563757073286,0.03506168015378648,0.009905056908878843
321,3118.0,-0.02149306447860009,-0.0008907291095576419,1.0211504527018738,-0.02061321362875801,-0.0036122180246478536,-0.03654296930874029
322,3128.0,-0.02254230717636441,-0.002048813301679063,1.0228357499539202,-0.019272970895707342,-0.05132088208907763,0.0014058411921948413
323,3138.0,-0.019447158705926948,-0.002762236335130271,1.0187629251332582,0.0416854513906641,-0.05061285230374686,0.00014308943057092516
324,3148.0,-0.021867811142247374,-0.0020712131388723035,1.0200875720918665,-0.02116056872821792,-0.04157808641775147,-0.08425374728798334
325,3159.0,-0.023755693392775362,-0.0007914321986984906,1.0238562905977335,-0.019272970895707342,-0.05132088208907763,0.0014058411921948413
326,3167.0,-0.02500231056162722,-0.00099211525711391,1.0224952849066051,0.04223280649012401,-0.012646983910643297,0.04785386740981397
327,3178.0,-0.02332926804937648,1.938763410817498e-05,1.0213774830301612,0.0416854513906641,-0.05061285230374686,0.00014308943057092516
328,3188.0,-0.023689174850958856,0.00014733185297070858,1.02174098790486,-0.07968403808261904,-0.014063043481304757,0.050379370933061815
329,3198.0,-0.022624294308276248,-0.001544929051794226,1.019224087796057,-0.0810242808156697,0.033645620583124994,0.012430560432126689
330,3208.0,-0.021357208510918494,-0.0016126339247976183,1.021408052112835,0.0414399188565332,0.0730275485468901,0.0576158348881219
331,3219.0,-0.021574842253162266,0.00020426162976196278,1.0236645231262795,0.10239834114290458,0.07373557833222087,0.05635308312649791
332,3229.0,-0.024269581258130984,-0.0014774768595025997,1.022254372430748,0.04278016158958381,0.02531888448246035,0.095564645389057
333,3239.0,-0.02188745068702881,-0.0003407456101892411,1.0201110889620433,-0.019272970895707342,-0.05132088208907763,0.0014058411921948413
334,3248.0,-0.02026593347813325,-0.0009155037799374195,1.021462484827428,-0.019272970895707342,-0.05132088208907763,0.0014058411921948413
335,3258.0,-0.022152044287342784,-0.0006662921874801191,1.0131673635994356,-0.14143534800258134,0.07090345919089787,0.061404090172993656
336,3269.0,-0.021904086214512623,-0.0020691793332705453,1.0125781656496913,-0.5106029647893046,0.5329938111596838,0.1655012161135198
337,3279.0,-0.025610214069663035,-0.00472801893646026,1.0494860559987491,-0.4499463650682619,0.37209557170127405,0.059054940915101925
338,3289.0,-0.020139539377915114,0.0019362292389188377,1.0290334757841475,0.348856225723294,-0.30409630074969335,-0.035456571812472484
339,3299.0,-0.01739926591379683,0.003621467718757655,1.0094479950696122,0.41115489074271616,-0.3510969350287922,0.0012294869268387743
340,3310.0,-0.020907673911443717,0.0013601115109048126,1.0212191392226424,0.1649425386964577,-0.09690545679751515,0.035566396408258164
341,3318.0,-0.023575599055628702,-0.001274418967900671,1.0205551681342684,0.10264387367703565,-0.049904822518416145,-0.0011196623310530673
342,3329.0,-0.025352812132681108,-0.0024604446012250194,1.0224237935983025,0.04357304922317462,-0.06035564797507305,0.08580267791074907
343,3339.0,-0.024430511402130213,-0.0019298063267304546,1.0201589082222557,0.04223280649012401,-0.012646983910643297,0.04785386740981397
344,3349.0,-0.022264837978245827,-0.003951543173818396,1.0175812723003064,0.03955232102402256,0.08277034421821623,-0.02804375359205631
345,3359.0,-0.022383929922129193,-0.000383308697560573,1.019690346585217,-0.1419827031020412,0.03293759079779425,0.013693312193750626
346,3370.0,-0.021636401515076637,0.0029653506814966016,1.02226813768508,-0.14411583346868267,0.1663207873197574,-0.01449353082887661
347,3380.0,-0.021237522376724157,0.0032883219202243237,1.024002579941529,-0.2654853229419658,0.2028705961421995,0.03574275067361431
348,3390.0,-0.02429833515907429,-0.0026108147449483256,1.026053981884168,-0.2050742557550542,0.16561275753442664,-0.01323077906725266
349,3399.0,-0.021857576827994375,-0.0022054071045817234,1.0204990514046917,0.040892563757073286,0.03506168015378648,0.009905056908878843
350,3409.0,-0.02382400760001093,-0.002150201725271937,1.0198650554629616,-0.019820325995167254,-0.08928675048218128,-0.04630493678704819
351,3419.0,-0.02478335650559856,-0.0015938540445161612,1.0209722819190257,-0.02116056872821792,-0.04157808641775147,-0.08425374728798334
352,3430.0,-0.02394135985942837,-0.0007089935210228937,1.0208824445574982,0.040892563757073286,0.03506168015378648,0.009905056908878843
353,3440.0,-0.022283197967750853,0.0015196738552906647,1.0197305752873613,-0.07913668298315923,0.02390282491179886,0.09809014891230487
354,3450.0,-0.022370522991737384,-0.000859704692331089,1.0200634363887957,-0.14064246036899053,-0.014771073266635501,0.05164212269468575
355,3460.0,-0.022432282609345513,-0.0023117717875919606,1.0221211548177997,-0.07968403808261904,-0.014063043481304757,0.050379370933061815
356,3469.0,-0.024189655785922613,-0.0010151088026037504,1.0205121595414535,-0.019272970895707342,-0.05132088208907763,0.0014058411921948413
357,3479.0,-0.023336708359663064,0.000627969876653884,1.0213604493333148,-0.02006585852929821,0.034353650368455765,0.011167808670502752
358,3490.0,-0.02014813074716386,-7.804208102479832e-05,1.0217244063539428,-0.08236452354872037,0.08135428464755474,-0.02551825006880845
359,3500.0,-0.02279442032545442,0.00019012153338630216,1.0236893523528348,-0.0815716359151295,-0.004320247809978653,-0.03528021754711636
360,3510.0,-0.019996943687356977,0.0002615585218054442,1.0232953837796483,-0.021406101262348876,0.08206231443288552,-0.026781001830432388
361,3521.0,-0.02162650505448771,0.0011221542884159265,1.0217201340321163,-0.02006585852929821,0.034353650368455765,0.011167808670502752
362,3531.0,-0.024280798032504856,-0.0008494372335792547,1.0220689080578471,-0.0810242808156697,0.033645620583124994,0.012430560432126689
363,3540.0,-0.02600939242805632,-0.0014932575585600105,1.0207540625088105,-0.07932544276641024,0.024877104478931475,0.08952419006428707
364,3541.0,-0.025650318229568536,-0.00150881508578202,1.02099204625112,-0.07913668298315923,0.02390282491179886,0.09809014891230487
365,3550.0,-0.02241865044317778,-0.0016488328307816304,1.0231338999319044,-0.018178260696787685,0.024610854697129578,0.09682739715068094
366,3560.0,-0.020206113900684754,-0.0015495665596633613,1.0239505554590016,-0.0810242808156697,0.033645620583124994,0.012430560432126689
367,3570.0,-0.020802142274348682,0.00022419828689570925,1.0198094655699037,-0.01872561579624754,-0.013355013695974041,0.049116619171437906
368,3581.0,-0.021862489128599054,0.0002638211964881809,1.0216291261043118,-0.08236452354872037,0.08135428464755474,-0.02551825006880845
369,3591.0,-0.02150084264255075,-0.001991149294383216,1.020173936039239,-0.14545607620173334,0.21402945138418722,-0.052442341329811744
370,3601.0,-0.02293952814726792,0.0005523746541218004,1.0227942586891243,-0.08047692571620985,0.07161148897622861,0.060141338411369746
371,3611.0,-0.02676759039846918,-0.0019137683948878168,1.025076022584104,-0.021406101262348876,0.08206231443288552,-0.026781001830432388
372,3620.0,-0.02367496993771367,-0.004487837486863193,1.0198560893669757,0.0414399188565332,0.0730275485468901,0.0576158348881219
373,3630.0,-0.022828142507955874,-0.0010210197979025745,1.0214208134878549,-0.019272970895707342,-0.05132088208907763,0.0014058411921948413
374,3641.0,-0.02255817025705856,-0.0003378031563736364,1.0230276975001515,-0.08291187864818017,0.04338841625445107,-0.07322902804805148
375,3651.0,-0.021985920626009653,0.0010031756771715944,1.0219706314368533,-0.02006585852929821,0.034353650368455765,0.011167808670502752
376,3661.0,-0.023394087665235538,-0.0005208099563012462,1.0237934186236741,0.040892563757073286,0.03506168015378648,0.009905056908878843
377,3671.0,-0.023143673442102924,-0.0031583112526265833,1.0226391833241202,-0.0815716359151295,-0.004320247809978653,-0.03528021754711636
378,3682.0,-0.02258822859336061,-0.002138069346830586,1.0206077616559635,-0.02006585852929821,0.034353650368455765,0.011167808670502752
379,3690.0,-0.020122903194449586,-0.0008597330560352821,1.0224897807157236,-0.07968403808261904,-0.014063043481304757,0.050379370933061815
380,3701.0,-0.024791175428057647,-0.00016868149607298324,1.0213880833474043,-0.142530058201501,-0.005028277595309397,-0.034017465785492425
381,3711.0,-0.02636442768754255,-0.0013089489074985738,1.021379810774903,-0.01872561579624754,-0.013355013695974041,0.049116619171437906
382,3721.0,-0.023762642473001565,-0.0004297727862597305,1.0237262494309252,0.040892563757073286,0.03506168015378648,0.009905056908878843
383,3731.0,-0.022963885857749257,0.0002705524931277556,1.0214830417321565,-0.02006585852929821,0.034353650368455765,0.011167808670502752
384,3742.0,-0.023550371502914544,-0.0020561099429110994,1.0213205424960494,-0.08023139318207884,-0.052028911874408404,0.0026685929538187714
385,3752.0,-0.023449977402200277,-0.0018621298174312001,1.0204012882324047,-0.08047692571620985,0.07161148897622861,0.060141338411369746
386,3761.0,-0.024334159759787692,-0.0003301110361850134,1.0198238860630442,-0.025393366377757576,-0.039027644982547086,0.007279390914112352
387,3762.0,-0.02440773620195424,-0.0004977700450025267,1.0202931749451538,-0.019272970895707342,-0.05132088208907763,0.0014058411921948413
388,3771.0,-0.025069924181452586,-0.0020067011243595652,1.0245167748841397,-0.08023139318207884,-0.052028911874408404,0.0026685929538187714
389,3781.0,-0.02240890735898527,-0.001536103966384101,1.0236583867146913,-0.016045130330146207,-0.10877234182483357,0.1250142401733082
390,3791.0,-0.021528792339851763,0.0014114136128500012,1.020726261807756,0.10130363094398498,-0.0021961584539863938,-0.03906847283198818
391,3802.0,-0.022725936863396006,0.0001411942646277058,1.0211220197801132,-0.017932728162656675,-0.09902954615350738,0.039354651693129974
392,3812.0,-0.023702203169178163,-0.00019286245815618893,1.0209350629760563,0.04302569412371471,-0.0983215163681767,0.03809189993150605
393,3822.0,-0.023461910642410617,-0.0021265023129816694,1.01968917601894,-0.019518503429838407,0.07231951876155941,0.05887858664974578
394,3833.0,-0.02490010491706741,0.00017009880541637035,1.0221964911988635,0.04223280649012401,-0.012646983910643297,0.04785386740981397
395,3841.0,-0.022716081161315505,0.000823590604815672,1.021966334218163,-0.017385373063196874,-0.06106367776040379,0.08706542967237306
396,3852.0,-0.022228024696622634,0.001968581594946666,1.0225960578380668,-0.07968403808261904,-0.014063043481304757,0.050379370933061815
397,3862.0,-0.020132574419262535,0.0021227982886262114,1.023677439679213,-0.02006585852929821,0.034353650368455765,0.011167808670502752
398,3872.0,-0.022222242553784962,-0.001564159842127545,1.02092014054326,0.10453147150954623,-0.059647618189742305,0.08453992614912516
399,3882.0,-0.02159198488913294,-0.0018254777253586094,1.0217306845556324,0.1649425386964577,-0.09690545679751515,0.035566396408258164
400,3893.0,-0.022928383232273614,-0.003170925180860706,1.0212675773157487,0.0414399188565332,0.0730275485468901,0.0576158348881219
401,3903.0,-0.023511665160428897,-0.00021893670363296586,1.0241711524076853,-0.018178260696787685,0.024610854697129578,0.09682739715068094
402,3912.0,-0.02257863888556451,-6.94152249547418e-05,1.0222047388745013,-0.02086233792507486,-0.03495919230626339,-0.06614563284411691
403,3913.0,-0.02264084897441748,-1.4900448738835934e-05,1.022178052627005,-0.02116056872821792,-0.04157808641775147,-0.08425374728798334
404,3922.0,-0.023200739774093482,0.0004757325372044553,1.021937876399539,0.04113809629120424,-0.08857872069685054,-0.047567688548672125
405,3932.0,-0.022968644781957467,0.0007838555367194002,1.021540625996026,-0.01872561579624754,-0.013355013695974041,0.049116619171437906
406,3942.0,-0.021628316598333093,0.00015392035136573945,1.0210996734762134,-0.02006585852929821,0.034353650368455765,0.011167808670502752
407,3953.0,-0.02425900909021396,9.733160215929144e-05,1.0236253347093618,0.0416854513906641,-0.05061285230374686,0.00014308943057092516
408,3963.0,-0.02600391703801158,-0.0011141484806777855,1.021223126085505,0.10319122877649545,-0.011938954125312498,0.04659111564819002
409,3973.0,-0.022591288591611428,-0.0012261998419790805,1.0209659788204728,-0.021406101262348876,0.08206231443288552,-0.026781001830432388
410,3983.0,-0.020101114252158638,8.703577970315321e-05,1.0240462073672383,0.04278016158958381,0.02531888448246035,0.095564645389057
411,3992.0,-0.020676029390859656,-0.0006104353927418241,1.0195425781980778,0.04223280649012401,-0.012646983910643297,0.04785386740981397
412,4002.0,-0.02222163870583654,-0.00124141519644414,1.0211269607285607,0.04223280649012401,-0.012646983910643297,0.04785386740981397
413,4013.0,-0.020873757594037423,-0.0019102651485531838,1.0210228695608576,-0.02061321362875801,-0.0036122180246478536,-0.03654296930874029
414,4023.0,-0.020968072456758472,-0.0014023915504674809,1.0226180075864975,-0.08023139318207884,-0.052028911874408404,0.0026685929538187714
415,4033.0,-0.022333136963036685,-0.00023768822021028523,1.0221805782745672,-0.08023139318207884,-0.052028911874408404,0.0026685929538187714
416,4043.0,-0.022600427827855516,-0.0010161840606932602,1.0206483122229866,0.04113809629120424,-0.08857872069685054,-0.047567688548672125
417,4054.0,-0.023094982901222527,0.00047915426477611507,1.0211678580573262,0.0416854513906641,-0.05061285230374686,0.00014308943057092516
418,4062.0,-0.021990413555933407,0.0001302209390753332,1.0212755529202349,0.09089007329932919,-0.019673733760999415,0.03730151040466624
419,4064.0,-0.021918638134005887,-0.00011824702551844869,1.021385830850163,0.10319122877649545,-0.011938954125312498,0.04659111564819002
420,4073.0,-0.02159564873533218,-0.0012363528661904534,1.0218820815348406,0.10185098604344478,0.03576970993911725,0.00864230514725485
421,4083.0,-0.023156476524546308,-0.0023591706121726067,1.0224729137058421,-0.019518503429838407,0.07231951876155941,0.05887858664974578
422,4093.0,-0.02155860056029556,-0.0023233388214408774,1.0230397404548233,-0.02006585852929821,0.034353650368455765,0.011167808670502752
423,4104.0,-0.021226490079617726,-0.0010046453905485089,1.0221560709128907,0.04223280649012401,-0.012646983910643297,0.04785386740981397
424,4114.0,-0.022954102015048265,-0.0021423113757432733,1.0206152104239299,0.10075627584452507,-0.0401620268470899,-0.08677925081123122
425,4124.0,-0.022155586513998304,-0.003129549510082601,1.0232184246863787,0.04113809629120424,-0.08857872069685054,-0.047567688548672125
426,4134.0,-0.0217006483838583,-0.002872955205557023,1.021786429626604,0.10264387367703565,-0.049904822518416145,-0.0011196623310530673
427,4143.0,-0.020507433700797755,0.00037264678352116795,1.0222947314139426,0.03955232102402256,0.08277034421821623,-0.02804375359205631
428,4153.0,-0.023823065898398433,-0.00011845465221724907,1.021031358614051,-0.019272970895707342,-0.05132088208907763,0.0014058411921948413
429,4164.0,-0.0249055803071122,-0.00020901027246593768,1.0217274276221688,0.040345208657613485,-0.00290418823931711,-0.037805721070364194
430,4174.0,-0.024409101072011708,-0.00016644718509455038,1.022148169998995,0.10185098604344478,0.03576970993911725,0.00864230514725485
431,4184.0,-0.025152064689761004,0.0004531083830035312,1.0219776031620271,0.0416854513906641,-0.05061285230374686,0.00014308943057092516
432,4194.0,-0.022988243568230537,-1.1269667866095291e-05,1.020171824775189,0.0414399188565332,0.0730275485468901,0.0576158348881219
433,4205.0,-0.02324777214752502,-0.00023757378566976835,1.0251021526579862,-0.02006585852929821,0.034353650368455765,0.011167808670502752
434,4213.0,-0.02291626551479556,0.0007583749995392228,1.024011662930753,-0.017932728162656675,-0.09902954615350738,0.039354651693129974
435,4224.0,-0.021123680587109603,0.00048031331766512116,1.0220640973904498,-0.018178260696787685,0.024610854697129578,0.09682739715068094
436,4234.0,-0.020382528513205687,-0.001107476187483203,1.021614203671515,-0.021953456361808732,0.0440964460397819,-0.07449177980967543
437,4244.0,-0.022308625876158995,-0.0019117913166945277,1.022419304795784,-0.021953456361808732,0.0440964460397819,-0.07449177980967543
438,4254.0,-0.02342260045197666,3.341557197989703e-05,1.022746606115877,-0.01872561579624754,-0.013355013695974041,0.049116619171437906
439,4265.0,-0.022843739594365454,-0.0006962674342849154,1.0208600982535985,0.04223280649012401,-0.012646983910643297,0.04785386740981397
440,4275.0,-0.023092301515144156,0.00038387506582202296,1.0212424760180416,-0.07968403808261904,-0.014063043481304757,0.050379370933061815
441,4285.0,-0.024232445345288425,0.0010790258564522712,1.0196380998252643,-0.01872561579624754,-0.013355013695974041,0.049116619171437906
442,4294.0,-0.023578546435991644,0.00020711801274121602,1.0212332129540407,0.040892563757073286,0.03506168015378648,0.009905056908878843
443,4304.0,-0.02091375314943693,0.000658257787339155,1.020543255460647,-0.021406101262348876,0.08206231443288552,-0.026781001830432388
444,4314.0,-0.022611869838005363,-0.0015274793863506782,1.0198231925395596,0.040892563757073286,0.03506168015378648,0.009905056908878843
445,4325.0,-0.024530905502844477,-0.0021237864522103264,1.0210781624859,0.040892563757073286,0.03506168015378648,0.009905056908878843
446,4335.0,-0.022436171691320898,-0.002861981880004678,1.021632896486482,0.04223280649012401,-0.012646983910643297,0.04785386740981397
447,4345.0,-0.02207981611804972,-0.0018311337639087574,1.0217406162462546,-0.019518503429838407,0.07231951876155941,0.05887858664974578
448,4355.0,-0.02244523906818548,0.00044329411034016474,1.0230273756352726,-0.019518503429838407,0.07231951876155941,0.05887858664974578
449,4364.0,-0.020659111990665075,0.0002799690107978743,1.020836761458199,-0.02061321362875801,-0.0036122180246478536,-0.03654296930874029
450,4375.0,-0.021523767421358985,-0.00048814721242946614,1.0199160147633988,-0.016045130330146207,-0.10877234182483357,0.1250142401733082
451,4385.0,-0.023795873425442367,-0.0018878369476556945,1.0213447030959837,0.04223280649012401,-0.012646983910643297,0.04785386740981397
452,4395.0,-0.023403114283591524,0.0002588733007750387,1.0237955796814509,0.10239834114290458,0.07373557833222087,0.05635308312649791
453,4405.0,-0.0242852191030491,0.001372868237383673,1.023085975287505,0.04223280649012401,-0.012646983910643297,0.04785386740981397
454,4416.0,-0.02493273202155984,-0.0009652207102961334,1.0200217650492227,0.04223280649012401,-0.012646983910643297,0.04785386740981397
455,4426.0,-0.022711209619219196,0.0008799550370144366,1.0222285776095568,0.04357304922317462,-0.06035564797507305,0.08580267791074907
456,4435.0,-0.022560247795188455,8.022068826391608e-05,1.0231598997247366,0.09722941082116343,-0.016780623510288625,0.05051227187444593
457,4436.0,-0.022487654435221837,-0.00012774205647895823,1.023015555316895,0.10319122877649545,-0.011938954125312498,0.04659111564819002
458,4445.0,-0.021834314195521953,-0.0019994067591642176,1.0217164556463203,-0.021406101262348876,0.08206231443288552,-0.026781001830432388
459,4455.0,-0.020773588729099134,-0.0028556199746540474,1.0194639599866875,-0.02006585852929821,0.034353650368455765,0.011167808670502752
460,4465.0,-0.02134232789034527,-0.002829798409889064,1.021442119506528,-0.019272970895707342,-0.05132088208907763,0.0014058411921948413
461,4476.0,-0.02086110788799067,-0.0007534805315288728,1.022261629614886,-0.08211899101458936,-0.042286116203082216,-0.08299099552635941
462,4486.0,-0.02268375115197867,-0.0022756850401117207,1.0217892593110016,-0.02061321362875801,-0.0036122180246478536,-0.03654296930874029
463,4496.0,-0.022961583083843384,0.0009918636000711323,1.0219904948180973,0.03955232102402256,0.08277034421821623,-0.02804375359205631
464,4506.0,-0.02310997613968374,0.0011266512740772069,1.0208139630083704,-0.0810242808156697,0.033645620583124994,0.012430560432126689
465,4515.0,-0.024453927410999048,-0.00017988141466970052,1.0200139944163775,-0.019272970895707342,-0.05132088208907763,0.0014058411921948413
466,4525.0,-0.024653999146591107,0.0003245704558443149,1.0223791507842301,0.04247833902425491,-0.13628738476128027,-0.009618878047737
467,4536.0,-0.02399424623507709,-0.0009848186158818181,1.0240104923644762,0.0416854513906641,-0.05061285230374686,0.00014308943057092516
468,4546.0,-0.02492039528909478,-0.004591259716057825,1.024394801318192,0.040345208657613485,-0.00290418823931711,-0.037805721070364194
469,4556.0,-0.02337844982031731,-0.0033711550531874634,1.0229618157669174,-0.02250081146126859,0.0061305776466782785,-0.12220255778891848
470,4566.0,-0.0204304867098233,-0.003304301121265815,1.0181260995071302,0.04223280649012401,-0.012646983910643297,0.04785386740981397
471,4577.0,-0.021977723091378062,-0.0012385871771689694,1.02112199488325,-0.019518503429838407,0.07231951876155941,0.05887858664974578
472,4585.0,-0.021732487163134643,-2.0602390736551557e-05,1.0218504970638034,-0.02061321362875801,-0.0036122180246478536,-0.03654296930874029
473,4596.0,-0.020129207668218723,-0.002700921731181758,1.0211742416432026,-0.019518503429838407,0.07231951876155941,0.05887858664974578
474,4606.0,-0.0222966926359486,-0.0016474188211440311,1.0231314170092487,0.10319122877649545,-0.011938954125312498,0.04659111564819002
475,4616.0,-0.024057351046552385,-0.0005782212828851892,1.021240983586886,0.040345208657613485,-0.00290418823931711,-0.037805721070364194
476,4626.0,-0.025128382686607713,-0.002683074310745018,1.0213698541874174,-0.08023139318207884,-0.052028911874408404,0.0026685929538187714
477,4637.0,-0.022438289987959274,8.163469790145998e-05,1.023157416802081,-0.0810242808156697,0.033645620583124994,0.012430560432126689
478,4647.0,-0.022626750458578645,-0.00031031490125926016,1.0197891251458668,0.037664723191512095,0.09251313988954239,-0.11370334207223448
479,4656.0,-0.025696542879987475,0.0007393130951182009,1.01946107471183,0.03909192093197561,-0.061701018534017674,-0.13127488353318872
480,4657.0,-0.025433682972455095,0.0007319515082879239,1.0197703365381476,0.03925049845869372,-0.07883592502552443,-0.1332272770288503
481,4666.0,-0.023067943804662875,0.0006656972268159569,1.0225536929750094,0.04491329195622529,-0.10806431203950286,0.12375148841168425
482,4676.0,-0.023210063487605122,-0.002979179366359267,1.0195882364005135,0.16469700616232685,0.026734944053121865,0.09303914186580915
483,4687.0,-0.02111083674615768,-0.002844420056057441,1.0208380489177142,0.03955232102402256,0.08277034421821623,-0.02804375359205631
484,4697.0,-0.02242095321708371,-0.002370143937724979,1.0226264468459638,-0.021406101262348876,0.08206231443288552,-0.026781001830432388
485,4707.0,-0.020531146804822133,-0.0021120234650579745,1.0197980165512623,-0.018178260696787685,0.024610854697129578,0.09682739715068094
486,4717.0,-0.01918829061151585,-0.0008813125918876063,1.0205041724279162,0.040892563757073286,0.03506168015378648,0.009905056908878843
487,4728.0,-0.02256085164313699,-0.00024252395741948887,1.0229530795394355,-0.02061321362875801,-0.0036122180246478536,-0.03654296930874029
488,4736.0,-0.02574380048919499,-0.0011133281793368412,1.0219856956597513,-0.0815716359151295,-0.004320247809978653,-0.03528021754711636
489,4747.0,-0.02500313964535168,-0.0024541948543781887,1.0216488094107787,0.10373858387595525,0.02602691426779112,0.09430189362743306
490,4757.0,-0.02400727455329634,-0.0013250129270087432,1.0232045674356722,0.0414399188565332,0.0730275485468901,0.0576158348881219
491,4767.0,-0.02225857426298517,0.00041523823459674834,1.020289129463841,-0.02006585852929821,0.034353650368455765,0.011167808670502752
492,4777.0,-0.023576806751525604,-0.001919908259267481,1.020141527763667,0.040892563757073286,0.03506168015378648,0.009905056908878843
493,4788.0,-0.019880236034396495,0.0010231984051416647,1.0234634925908244,0.040892563757073286,0.03506168015378648,0.009905056908878843
494,4798.0,-0.020749763007186662,0.0001987177497155596,1.0222805025046304,-0.021953456361808732,0.0440964460397819,-0.07449177980967543
495,4807.0,-0.02217254467270137,-0.0014943611803536028,1.023316559517271,0.03581418020493071,-0.00697264091560075,0.03561930268786499
496,4808.0,-0.022445915806875404,-0.0017076265750390373,1.0229657497346032,0.04223280649012401,-0.012646983910643297,0.04785386740981397
497,4817.0,-0.024906256014440187,-0.0036270151272083375,1.0198084616905916,-0.018178260696787685,0.024610854697129578,0.09682739715068094
498,4827.0,-0.023681919017939767,-0.004126178074424488,1.019726048200167,-0.02006585852929821,0.034353650368455765,0.011167808670502752
499,4837.0,-0.02623076187587895,-0.0021824973538914624,1.0214497847551864,0.04113809629120424,-0.08857872069685054,-0.047567688548672125
500,4848.0,-0.024659474536635896,-5.453862203788234e-05,1.021910087207536,-0.02006585852929821,0.034353650368455765,0.011167808670502752
501,4858.0,-0.021967263541349084,-0.00023344619129754275,1.0221731295066006,-0.01872561579624754,-0.013355013695974041,0.049116619171437906
502,4868.0,-0.023287389090752026,0.0015143588443252399,1.024189703432551,0.04357304922317462,-0.06035564797507305,0.08580267791074907
503,4878.0,-0.021977610473490075,-0.000668919701378477,1.0214418225385127,-0.07913668298315923,0.02390282491179886,0.09809014891230487
504,4887.0,-0.021489400632400735,-0.0014798539687257426,1.0209990557226656,0.040892563757073286,0.03506168015378648,0.009905056908878843
505,4897.0,-0.023809167737946075,-0.0008417734770946862,1.0212914409476677,0.040345208657613485,-0.00290418823931711,-0.037805721070364194
506,4908.0,-0.023928556776985094,-0.0015081341614768423,1.021048714175776,-0.01872561579624754,-0.013355013695974041,0.049116619171437906
507,4918.0,-0.022714679330513545,-0.0030124380945643356,1.0199151660620007,0.0414399188565332,0.0730275485468901,0.0576158348881219
